Request,MuCoRest
1,1
2,1
3,1
4,1
5,1
6,1
7,1
8,1
9,1
10,1
11,1
12,1
13,1
14,1
15,1
16,1
17,2
18,2
19,2
20,2
21,2
22,2
23,2
24,2
25,3
26,3
27,3
28,3
29,3
30,3
31,3
32,3
33,4
34,4
35,4
36,4
37,4
38,4
39,4
40,4
41,4
42,4
43,4
44,4
45,4
46,4
47,4
48,4
49,5
50,5
51,5
52,5
53,5
54,5
55,5
56,5
57,5
58,5
59,6
60,6
61,6
62,6
63,6
64,6
65,6
66,6
67,7
68,7
69,7
70,7
71,7
72,7
73,7
74,7
75,7
76,7
77,7
78,7
79,7
80,7
81,7
82,7
83,8
84,8
85,8
86,8
87,8
88,8
89,8
90,8
91,8
92,8
93,8
94,8
95,8
96,8
97,8
98,8
99,8
100,8
101,8
102,8
103,8
104,8
105,8
106,8
107,8
108,8
109,8
110,8
111,8
112,8
113,8
114,8
115,8
116,8
117,8
118,8
119,9
120,9
121,9
122,9
123,9
124,9
125,9
126,9
127,9
128,9
129,9
130,9
131,9
132,9
133,9
134,9
135,9
136,9
137,9
138,9
139,9
140,9
141,9
142,9
143,9
144,9
145,9
146,9
147,9
148,9
149,10
150,10
151,10
152,10
153,10
154,10
155,10
156,10
157,10
158,10
159,10
160,10
161,10
162,10
163,10
164,10
165,10
166,10
167,10
168,10
169,10
170,10
171,10
172,11
173,11
174,11
175,11
176,11
177,11
178,11
179,11
180,11
181,11
182,11
183,11
184,11
185,12
186,12
187,12
188,13
189,13
190,13
191,13
192,13
193,13
194,14
195,14
196,14
197,14
198,14
199,14
200,14
201,14
202,14
203,14
204,14
205,14
206,14
207,14
208,14
209,14
210,14
211,14
212,14
213,14
214,14
215,14
216,14
217,14
218,15
219,15
220,15
221,15
222,16
223,16
224,16
225,17
226,18
227,18
228,19
229,19
230,19
231,19
232,19
233,19
234,20
235,20
236,20
237,20
238,20
239,20
240,20
241,20
242,20
243,20
244,20
245,20
246,20
247,20
248,20
249,20
250,20
251,20
252,21
253,21
254,21
255,21
256,22
257,22
258,22
259,22
260,22
261,22
262,22
263,22
264,22
265,22
266,22
267,23
268,24
269,24
270,24
271,24
272,24
273,24
274,24
275,24
276,24
277,24
278,24
279,24
280,24
281,24
282,24
283,24
284,24
285,24
286,24
287,24
288,24
289,24
290,24
291,24
292,24
293,24
294,24
295,24
296,24
297,24
298,24
299,24
300,24
301,24
302,24
303,25
304,25
305,25
306,25
307,25
308,25
309,25
310,25
311,25
312,25
313,25
314,25
315,25
316,25
317,25
318,25
319,25
320,25
321,25
322,25
323,25
324,25
325,25
326,25
327,25
328,25
329,25
330,25
331,25
332,25
333,25
334,25
335,25
336,25
337,25
338,25
339,25
340,25
341,25
342,25
343,25
344,25
345,25
346,25
347,25
348,26
349,26
350,26
351,26
352,26
353,26
354,26
355,26
356,26
357,26
358,26
359,26
360,26
361,26
362,26
363,26
364,26
365,26
366,26
367,26
368,26
369,26
370,26
371,26
372,26
373,26
374,26
375,26
376,26
377,26
378,26
379,26
380,26
381,26
382,26
383,26
384,26
385,26
386,26
387,26
388,26
389,26
390,26
391,26
392,26
393,26
394,26
395,26
396,26
397,26
398,26
399,26
400,26
401,26
402,26
403,26
404,26
405,26
406,26
407,26
408,26
409,26
410,26
411,26
412,26
413,26
414,26
415,26
416,26
417,26
418,26
419,26
420,26
421,26
422,26
423,26
424,26
425,26
426,26
427,26
428,26
429,26
430,26
431,26
432,26
433,26
434,26
435,26
436,26
437,26
438,26
439,26
440,26
441,26
442,26
443,26
444,26
445,26
446,26
447,26
448,26
449,26
450,26
451,26
452,26
453,26
454,26
455,26
456,26
457,26
458,26
459,26
460,26
461,26
462,26
463,26
464,26
465,26
466,26
467,26
468,26
469,26
470,26
471,26
472,26
473,26
474,26
475,26
476,26
477,26
478,26
479,26
480,26
481,26
482,26
483,26
484,26
485,26
486,26
487,26
488,26
489,26
490,26
491,26
492,26
493,26
494,26
495,26
496,26
497,26
498,26
499,27
500,27
501,27
502,27
503,27
504,27
505,27
506,27
507,27
508,27
509,27
510,27
511,27
512,27
513,27
514,27
515,27
516,27
517,27
518,27
519,27
520,27
521,27
522,27
523,27
524,27
525,27
526,27
527,27
528,27
529,27
530,27
531,27
532,27
533,27
534,27
535,27
536,27
537,27
538,27
539,27
540,27
541,27
542,27
543,27
544,27
545,27
546,27
547,27
548,27
549,27
550,27
551,27
552,27
553,27
554,27
555,27
556,27
557,27
558,27
559,27
560,27
561,27
562,27
563,27
564,27
565,27
566,27
567,27
568,27
569,27
570,27
571,27
572,28
573,28
574,28
575,28
576,28
577,28
578,28
579,28
580,28
581,28
582,28
583,28
584,28
585,29
586,29
587,29
588,29
589,30
590,30
591,30
592,30
593,30
594,30
595,30
596,30
597,30
598,30
599,30
600,30
601,30
602,30
603,30
604,30
605,30
606,30
607,30
608,30
609,30
610,30
611,30
612,30
613,30
614,30
615,30
616,30
617,30
618,30
619,30
620,30
621,30
622,30
623,30
624,30
625,30
626,30
627,30
628,30
629,30
630,30
631,30
632,30
633,30
634,30
635,30
636,30
637,30
638,30
639,30
640,30
641,30
642,30
643,30
644,30
645,30
646,30
647,30
648,30
649,30
650,30
651,30
652,30
653,30
654,30
655,30
656,30
657,30
658,30
659,30
660,30
661,30
662,30
663,30
664,30
665,30
666,30
667,30
668,30
669,30
670,30
671,30
672,30
673,30
674,30
675,30
676,30
677,30
678,30
679,30
680,30
681,30
682,30
683,30
684,30
685,30
686,30
687,30
688,30
689,30
690,30
691,30
692,30
693,30
694,30
695,30
696,30
697,30
698,30
699,30
700,30
701,30
702,30
703,30
704,30
705,30
706,30
707,30
708,30
709,30
710,30
711,30
712,30
713,30
714,30
715,30
716,30
717,30
718,30
719,30
720,30
721,30
722,30
723,30
724,30
725,30
726,30
727,30
728,30
729,30
730,30
731,30
732,30
733,30
734,30
735,31
736,31
737,31
738,31
739,31
740,31
741,31
742,31
743,31
744,31
745,31
746,31
747,31
748,31
749,31
750,31
751,31
752,31
753,31
754,31
755,31
756,31
757,31
758,31
759,31
760,31
761,31
762,31
763,31
764,31
765,31
766,31
767,31
768,31
769,31
770,31
771,31
772,31
773,31
774,32
775,32
776,32
777,32
778,32
779,32
780,32
781,32
782,32
783,32
784,32
785,32
786,32
787,32
788,33
789,33
790,33
791,33
792,33
793,33
794,33
795,33
796,33
797,33
798,33
799,33
800,33
801,33
802,33
803,33
804,33
805,33
806,33
807,33
808,33
809,33
810,33
811,33
812,33
813,33
814,33
815,33
816,33
817,33
818,33
819,33
820,33
821,33
822,33
823,33
824,33
825,33
826,33
827,33
828,33
829,33
830,33
831,33
832,33
833,33
834,33
835,33
836,33
837,33
838,33
839,33
840,33
841,33
842,33
843,33
844,33
845,33
846,33
847,33
848,34
849,34
850,34
851,34
852,34
853,34
854,34
855,34
856,34
857,34
858,34
859,34
860,35
861,35
862,35
863,35
864,35
865,35
866,35
867,35
868,35
869,35
870,35
871,35
872,35
873,35
874,35
875,35
876,35
877,35
878,36
879,36
880,36
881,36
882,36
883,36
884,36
885,36
886,36
887,36
888,36
889,36
890,36
891,36
892,36
893,36
894,36
895,36
896,36
897,36
898,36
899,36
900,36
901,36
902,36
903,36
904,36
905,36
906,36
907,36
908,36
909,36
910,36
911,36
912,36
913,36
914,36
915,36
916,36
917,36
918,37
919,37
920,37
921,37
922,37
923,37
924,37
925,37
926,37
927,37
928,37
929,37
930,37
931,37
932,37
933,37
934,37
935,37
936,37
937,37
938,37
939,37
940,37
941,37
942,37
943,37
944,37
945,37
946,37
947,37
948,37
949,37
950,37
951,37
952,37
953,37
954,37
955,38
956,38
957,38
958,38
959,38
960,38
961,38
962,38
963,38
964,38
965,38
966,38
967,38
968,38
969,38
970,38
971,38
972,38
973,38
974,38
975,38
976,38
977,38
978,38
979,38
980,38
981,38
982,38
983,38
984,38
985,38
986,38
987,38
988,38
989,38
990,38
991,38
992,38
993,38
994,38
995,38
996,38
997,38
998,38
999,38
1000,38
1001,38
1002,38
1003,38
1004,38
1005,38
1006,38
1007,38
1008,38
1009,38
1010,38
1011,38
1012,38
1013,38
1014,38
1015,38
1016,38
1017,38
1018,38
1019,38
1020,38
1021,39
1022,39
1023,39
1024,39
1025,39
1026,39
1027,39
1028,39
1029,39
1030,39
1031,39
1032,39
1033,39
1034,39
1035,39
1036,39
1037,39
1038,39
1039,39
1040,39
1041,39
1042,39
1043,39
1044,39
1045,39
1046,39
1047,39
1048,39
1049,39
1050,39
1051,39
1052,39
1053,39
1054,39
1055,39
1056,39
1057,39
1058,39
1059,39
1060,39
1061,39
1062,39
1063,39
1064,39
1065,39
1066,39
1067,39
1068,39
1069,39
1070,39
1071,39
1072,39
1073,39
1074,39
1075,39
1076,39
1077,40
1078,40
1079,40
1080,40
1081,40
1082,40
1083,40
1084,40
1085,40
1086,40
1087,40
1088,40
1089,40
1090,41
1091,41
1092,41
1093,41
1094,41
1095,41
1096,41
1097,41
1098,41
1099,41
1100,41
1101,41
1102,41
1103,41
1104,41
1105,41
1106,41
1107,41
1108,41
1109,41
1110,41
1111,41
1112,41
1113,41
1114,41
1115,41
1116,41
1117,41
1118,41
1119,41
1120,41
1121,41
1122,41
1123,41
1124,41
1125,41
1126,41
1127,41
1128,41
1129,41
1130,41
1131,41
1132,41
1133,41
1134,41
1135,41
1136,41
1137,41
1138,41
1139,41
1140,41
1141,41
1142,41
1143,41
1144,41
1145,41
1146,41
1147,41
1148,41
1149,41
1150,41
1151,41
1152,41
1153,41
1154,41
1155,41
1156,41
1157,41
1158,41
1159,41
1160,41
1161,41
1162,41
1163,41
1164,41
1165,41
1166,41
1167,41
1168,41
1169,41
1170,41
1171,41
1172,41
1173,41
1174,41
1175,41
1176,41
1177,41
1178,41
1179,41
1180,41
1181,41
1182,41
1183,41
1184,41
1185,41
1186,41
1187,41
1188,41
1189,41
1190,41
1191,41
1192,41
1193,41
1194,41
1195,41
1196,41
1197,41
1198,41
1199,41
1200,41
1201,41
1202,41
1203,41
1204,41
1205,41
1206,41
1207,41
1208,41
1209,41
1210,41
1211,41
1212,41
1213,41
1214,41
1215,41
1216,41
1217,41
1218,41
1219,41
1220,41
1221,41
1222,41
1223,41
1224,41
1225,41
1226,41
1227,41
1228,41
1229,41
1230,41
1231,41
1232,41
1233,41
1234,41
1235,41
1236,41
1237,41
1238,41
1239,41
1240,41
1241,41
1242,41
1243,41
1244,41
1245,41
1246,41
1247,41
1248,41
1249,41
1250,41
1251,41
1252,41
1253,41
1254,41
1255,41
1256,41
1257,41
1258,41
1259,41
1260,41
1261,41
1262,41
1263,41
1264,41
1265,41
1266,41
1267,41
1268,41
1269,41
1270,41
1271,41
1272,41
1273,41
1274,41
1275,41
1276,41
1277,41
1278,41
1279,41
1280,41
1281,41
1282,41
1283,41
1284,41
1285,41
1286,41
1287,41
1288,41
1289,41
1290,41
1291,41
1292,41
1293,41
1294,41
1295,41
1296,41
1297,41
1298,41
1299,41
1300,41
1301,41
1302,41
1303,41
1304,41
1305,41
1306,41
1307,41
1308,41
1309,41
1310,42
1311,42
1312,42
1313,42
1314,42
1315,42
1316,42
1317,42
1318,42
1319,42
1320,42
1321,42
1322,42
1323,42
1324,42
1325,42
1326,42
1327,42
1328,42
1329,42
1330,42
1331,42
1332,42
1333,42
1334,42
1335,42
1336,42
1337,42
1338,42
1339,42
1340,42
1341,42
1342,42
1343,42
1344,42
1345,42
1346,42
1347,42
1348,42
1349,42
1350,42
1351,42
1352,42
1353,42
1354,42
1355,42
1356,42
1357,42
1358,42
1359,42
1360,42
1361,42
1362,42
1363,42
1364,42
1365,42
1366,42
1367,42
1368,42
1369,42
1370,42
1371,42
1372,42
1373,42
1374,42
1375,42
1376,42
1377,42
1378,42
1379,42
1380,42
1381,42
1382,42
1383,42
1384,42
1385,42
1386,42
1387,42
1388,42
1389,42
1390,42
1391,42
1392,42
1393,42
1394,42
1395,42
1396,42
1397,42
1398,42
1399,42
1400,42
1401,42
1402,42
1403,42
1404,42
1405,42
1406,42
1407,42
1408,42
1409,42
1410,42
1411,42
1412,42
1413,42
1414,42
1415,42
1416,42
1417,42
1418,42
1419,42
1420,42
1421,42
1422,42
1423,42
1424,42
1425,42
1426,42
1427,42
1428,42
1429,42
1430,42
1431,42
1432,42
1433,42
1434,42
1435,42
1436,42
1437,42
1438,42
1439,42
1440,42
1441,42
1442,42
1443,42
1444,42
1445,42
1446,42
1447,42
1448,42
1449,42
1450,42
1451,42
1452,42
1453,42
1454,42
1455,42
1456,42
1457,42
1458,42
1459,42
1460,42
1461,42
1462,42
1463,42
1464,42
1465,42
1466,42
1467,42
1468,42
1469,42
1470,43
1471,43
1472,43
1473,43
1474,43
1475,43
1476,43
1477,43
1478,43
1479,43
1480,43
1481,43
1482,43
1483,43
1484,43
1485,43
1486,43
1487,43
1488,43
1489,43
1490,43
1491,43
1492,43
1493,43
1494,43
1495,43
1496,43
1497,43
1498,43
1499,43
1500,43
1501,43
1502,43
1503,43
1504,43
1505,43
1506,43
1507,43
1508,43
1509,43
1510,43
1511,43
1512,43
1513,43
1514,43
1515,43
1516,43
1517,43
1518,43
1519,43
1520,43
1521,43
1522,43
1523,43
1524,43
1525,43
1526,43
1527,43
1528,43
1529,43
1530,43
1531,43
1532,43
1533,43
1534,43
1535,43
1536,43
1537,43
1538,43
1539,43
1540,43
1541,43
1542,43
1543,43
1544,43
1545,43
1546,43
1547,43
1548,43
1549,43
1550,43
1551,43
1552,43
1553,43
1554,43
1555,43
1556,43
1557,43
1558,43
1559,43
1560,43
1561,43
1562,43
1563,43
1564,43
1565,43
1566,43
1567,43
1568,43
1569,43
1570,43
1571,43
1572,43
1573,43
1574,43
1575,43
1576,43
1577,43
1578,43
1579,43
1580,43
1581,43
1582,43
1583,43
1584,43
1585,43
1586,43
1587,43
1588,43
1589,43
1590,43
1591,43
1592,43
1593,43
1594,43
1595,43
1596,44
1597,44
1598,44
1599,44
1600,44
1601,44
1602,44
1603,44
1604,44
1605,44
1606,44
1607,44
1608,44
1609,44
1610,44
1611,44
1612,44
1613,44
1614,44
1615,44
1616,44
1617,44
1618,44
1619,44
1620,44
1621,44
1622,44
1623,44
1624,44
1625,44
1626,44
1627,44
1628,44
1629,44
1630,44
1631,44
1632,44
1633,44
1634,44
1635,44
1636,44
1637,44
1638,44
1639,44
1640,44
1641,44
1642,44
1643,44
1644,44
1645,44
1646,44
1647,44
1648,44
1649,44
1650,44
1651,44
1652,44
1653,44
1654,44
1655,44
1656,44
1657,44
1658,44
1659,44
1660,44
1661,44
1662,44
1663,44
1664,44
1665,44
1666,44
1667,44
1668,44
1669,44
1670,44
1671,44
1672,44
1673,44
1674,44
1675,44
1676,44
1677,44
1678,44
1679,44
1680,44
1681,44
1682,44
1683,44
1684,44
1685,44
1686,44
1687,45
1688,45
1689,45
1690,45
1691,45
1692,45
1693,45
1694,45
1695,45
1696,46
1697,46
1698,46
1699,46
1700,46
1701,46
1702,46
1703,46
1704,46
1705,46
1706,46
1707,46
1708,46
1709,46
1710,46
1711,46
1712,46
1713,46
1714,46
1715,46
1716,46
1717,46
1718,46
1719,46
1720,46
1721,46
1722,46
1723,46
1724,46
1725,46
1726,47
1727,47
1728,47
1729,47
1730,47
1731,47
1732,47
1733,47
1734,47
1735,47
1736,47
1737,47
1738,47
1739,47
1740,47
1741,47
1742,47
1743,47
1744,47
1745,47
1746,47
1747,47
1748,47
1749,47
1750,47
1751,47
1752,47
1753,47
1754,47
1755,47
1756,47
1757,47
1758,47
1759,47
1760,47
1761,47
1762,47
1763,47
1764,48
1765,49
1766,49
1767,49
1768,49
1769,49
1770,49
1771,49
1772,49
1773,49
1774,49
1775,49
1776,49
1777,49
1778,49
1779,49
1780,49
1781,49
1782,49
1783,49
1784,49
1785,49
1786,49
1787,49
1788,49
1789,49
1790,49
1791,49
1792,49
1793,49
1794,49
1795,49
1796,49
1797,49
1798,49
1799,49
1800,49
1801,49
1802,49
1803,49
1804,49
1805,49
1806,49
1807,49
1808,49
1809,49
1810,49
1811,49
1812,49
1813,49
1814,49
1815,49
1816,49
1817,49
1818,49
1819,49
1820,49
1821,49
1822,49
1823,49
1824,49
1825,49
1826,49
1827,49
1828,49
1829,49
1830,49
1831,49
1832,49
1833,49
1834,49
1835,49
1836,49
1837,49
1838,49
1839,49
1840,49
1841,49
1842,49
1843,49
1844,49
1845,49
1846,49
1847,49
1848,49
1849,49
1850,49
1851,49
1852,49
1853,49
1854,49
1855,49
1856,49
1857,49
1858,49
1859,49
1860,49
1861,49
1862,49
1863,49
1864,49
1865,49
1866,50
1867,50
1868,50
1869,50
1870,50
1871,50
1872,50
1873,50
1874,50
1875,50
1876,50
1877,50
1878,50
1879,50
1880,50
1881,50
1882,50
1883,50
1884,50
1885,50
1886,50
1887,50
1888,50
1889,50
1890,50
1891,50
1892,50
1893,50
1894,50
1895,50
1896,50
1897,50
1898,50
1899,50
1900,50
1901,50
1902,50
1903,50
1904,50
1905,50
1906,50
1907,50
1908,50
1909,50
1910,50
1911,50
1912,50
1913,50
1914,50
1915,50
1916,50
1917,50
1918,50
1919,50
1920,50
1921,50
1922,50
1923,50
1924,50
1925,50
1926,50
1927,50
1928,50
1929,50
1930,50
1931,50
1932,50
1933,50
1934,50
1935,50
1936,50
1937,50
1938,50
1939,50
1940,50
1941,50
1942,50
1943,50
1944,50
1945,50
1946,50
1947,50
1948,50
1949,50
1950,50
1951,50
1952,50
1953,50
1954,50
1955,50
1956,50
1957,50
1958,50
1959,50
1960,50
1961,50
1962,50
1963,50
1964,50
1965,50
1966,50
1967,50
1968,50
1969,50
1970,50
1971,50
1972,50
1973,50
1974,50
1975,50
1976,50
1977,50
1978,50
1979,50
1980,50
1981,50
1982,50
1983,50
1984,50
1985,50
1986,50
1987,50
1988,50
1989,50
1990,50
1991,50
1992,50
1993,50
1994,50
1995,50
1996,50
1997,50
1998,50
1999,50
2000,50
2001,50
2002,50
2003,50
2004,50
2005,50
2006,50
2007,50
2008,50
2009,50
2010,50
2011,50
2012,50
2013,50
2014,50
2015,50
2016,50
2017,50
2018,50
2019,50
2020,50
2021,50
2022,50
2023,50
2024,50
2025,50
2026,50
2027,50
2028,50
2029,50
2030,50
2031,50
2032,50
2033,50
2034,50
2035,50
2036,50
2037,50
2038,50
2039,50
2040,50
2041,50
2042,50
2043,50
2044,50
2045,50
2046,50
2047,50
2048,50
2049,50
2050,50
2051,50
2052,50
2053,50
2054,50
2055,50
2056,50
2057,50
2058,50
2059,50
2060,50
2061,50
2062,50
2063,50
2064,50
2065,50
2066,50
2067,50
2068,50
2069,50
2070,50
2071,50
2072,50
2073,50
2074,50
2075,50
2076,50
2077,50
2078,50
2079,50
2080,50
2081,50
2082,50
2083,50
2084,50
2085,50
2086,50
2087,50
2088,50
2089,50
2090,50
2091,50
2092,50
2093,50
2094,50
2095,50
2096,50
2097,50
2098,50
2099,50
2100,50
2101,50
2102,50
2103,50
2104,50
2105,50
2106,50
2107,50
2108,51
2109,51
2110,51
2111,51
2112,51
2113,51
2114,51
2115,51
2116,51
2117,51
2118,51
2119,51
2120,51
2121,51
2122,51
2123,51
2124,51
2125,51
2126,51
2127,51
2128,51
2129,51
2130,51
2131,51
2132,51
2133,51
2134,51
2135,51
2136,51
2137,51
2138,51
2139,51
2140,51
2141,51
2142,51
2143,51
2144,51
2145,51
2146,51
2147,51
2148,51
2149,51
2150,51
2151,51
2152,51
2153,51
2154,51
2155,51
2156,51
2157,51
2158,51
2159,51
2160,51
2161,51
2162,51
2163,51
2164,51
2165,51
2166,51
2167,51
2168,51
2169,51
2170,51
2171,51
2172,51
2173,51
2174,51
2175,51
2176,51
2177,51
2178,51
2179,51
2180,51
2181,51
2182,51
2183,51
2184,51
2185,51
2186,51
2187,51
2188,51
2189,51
2190,51
2191,51
2192,51
2193,51
2194,51
2195,51
2196,51
2197,51
2198,51
2199,51
2200,51
2201,51
2202,51
2203,51
2204,51
2205,51
2206,51
2207,51
2208,51
2209,51
2210,51
2211,51
2212,51
2213,51
2214,51
2215,51
2216,51
2217,51
2218,51
2219,51
2220,51
2221,51
2222,51
2223,51
2224,51
2225,51
2226,51
2227,51
2228,51
2229,51
2230,51
2231,51
2232,51
2233,51
2234,51
2235,51
2236,51
2237,51
2238,51
2239,51
2240,51
2241,51
2242,51
2243,51
2244,51
2245,51
2246,51
2247,51
2248,51
2249,51
2250,51
2251,51
2252,51
2253,51
2254,51
2255,51
2256,51
2257,51
2258,51
2259,51
2260,51
2261,51
2262,51
2263,51
2264,51
2265,51
2266,51
2267,51
2268,51
2269,51
2270,51
2271,51
2272,51
2273,51
2274,51
2275,51
2276,51
2277,51
2278,51
2279,51
2280,51
2281,51
2282,51
2283,51
2284,51
2285,51
2286,51
2287,51
2288,51
2289,51
2290,51
2291,51
2292,51
2293,51
2294,51
2295,51
2296,51
2297,51
2298,51
2299,51
2300,51
2301,51
2302,51
2303,51
2304,51
2305,51
2306,51
2307,51
2308,51
2309,51
2310,51
2311,51
2312,51
2313,51
2314,51
2315,51
2316,51
2317,51
2318,51
2319,51
2320,51
2321,51
2322,51
2323,51
2324,51
2325,51
2326,51
2327,51
2328,51
2329,51
2330,51
2331,51
2332,51
2333,51
2334,51
2335,51
2336,51
2337,51
2338,51
2339,51
2340,51
2341,51
2342,51
2343,51
2344,51
2345,51
2346,51
2347,51
2348,51
2349,51
2350,51
2351,51
2352,51
2353,51
2354,51
2355,51
2356,51
2357,51
2358,51
2359,51
2360,51
2361,51
2362,51
2363,51
2364,51
2365,51
2366,51
2367,51
2368,51
2369,51
2370,51
2371,52
2372,52
2373,52
2374,52
2375,52
2376,52
2377,52
2378,52
2379,52
2380,52
2381,52
2382,52
2383,52
2384,52
2385,52
2386,52
2387,52
2388,52
2389,52
2390,52
2391,52
2392,52
2393,52
2394,52
2395,52
2396,52
2397,52
2398,52
2399,52
2400,52
2401,52
2402,52
2403,52
2404,52
2405,52
2406,52
2407,52
2408,52
2409,52
2410,52
2411,52
2412,52
2413,52
2414,52
2415,52
2416,52
2417,52
2418,52
2419,52
2420,52
2421,52
2422,52
2423,52
2424,52
2425,52
2426,52
2427,52
2428,52
2429,52
2430,52
2431,52
2432,52
2433,52
2434,52
2435,52
2436,52
2437,52
2438,52
2439,52
2440,52
2441,52
2442,52
2443,52
2444,52
2445,52
2446,52
2447,52
2448,52
2449,52
2450,52
2451,52
2452,52
2453,52
2454,52
2455,52
2456,52
2457,52
2458,52
2459,53
2460,53
2461,53
2462,53
2463,53
2464,53
2465,53
2466,53
2467,53
2468,53
2469,53
2470,53
2471,53
2472,53
2473,53
2474,53
2475,53
2476,53
2477,53
2478,53
2479,53
2480,53
2481,53
2482,53
2483,53
2484,53
2485,53
2486,53
2487,53
2488,53
2489,53
2490,53
2491,53
2492,53
2493,53
2494,54
2495,54
2496,54
2497,54
2498,54
2499,54
2500,54
2501,54
2502,54
2503,54
2504,54
2505,54
2506,54
2507,54
2508,54
2509,54
2510,54
2511,54
2512,54
2513,54
2514,54
2515,54
2516,54
2517,54
2518,54
2519,54
2520,54
2521,54
2522,54
2523,54
2524,54
2525,54
2526,54
2527,54
2528,54
2529,54
2530,54
2531,54
2532,54
2533,54
2534,54
2535,54
2536,54
2537,54
2538,54
2539,54
2540,54
2541,54
2542,54
2543,54
2544,54
2545,54
2546,54
2547,54
2548,54
2549,54
2550,54
2551,54
2552,54
2553,54
2554,54
2555,54
2556,54
2557,54
2558,54
2559,54
2560,54
2561,54
2562,54
2563,54
2564,54
2565,54
2566,54
2567,54
2568,54
2569,54
2570,54
2571,54
2572,54
2573,54
2574,54
2575,54
2576,54
2577,54
2578,54
2579,54
2580,54
2581,54
2582,54
2583,54
2584,54
2585,54
2586,54
2587,54
2588,54
2589,54
2590,54
2591,54
2592,54
2593,54
2594,55
2595,55
2596,55
2597,55
2598,55
2599,55
2600,55
2601,55
2602,55
2603,55
2604,55
2605,55
2606,55
2607,55
2608,55
2609,55
2610,55
2611,55
2612,55
2613,55
2614,55
2615,55
2616,55
2617,55
2618,55
2619,55
2620,55
2621,55
2622,55
2623,55
2624,55
2625,55
2626,55
2627,55
2628,55
2629,55
2630,55
2631,55
2632,55
2633,55
2634,55
2635,55
2636,55
2637,55
2638,55
2639,55
2640,55
2641,55
2642,55
2643,55
2644,55
2645,55
2646,55
2647,55
2648,55
2649,55
2650,55
2651,55
2652,55
2653,55
2654,55
2655,55
2656,55
2657,55
2658,55
2659,55
2660,55
2661,55
2662,55
2663,55
2664,55
2665,55
2666,55
2667,55
2668,55
2669,55
2670,55
2671,55
2672,55
2673,55
2674,55
2675,55
2676,55
2677,55
2678,55
2679,55
2680,55
2681,55
2682,55
2683,55
2684,55
2685,55
2686,55
2687,55
2688,55
2689,55
2690,55
2691,55
2692,55
2693,55
2694,55
2695,55
2696,56
2697,56
2698,56
2699,56
2700,56
2701,56
2702,56
2703,56
2704,56
2705,56
2706,56
2707,56
2708,56
2709,56
2710,56
2711,56
2712,56
2713,56
2714,56
2715,56
2716,56
2717,56
2718,56
2719,56
2720,56
2721,56
2722,56
2723,56
2724,56
2725,56
2726,56
2727,56
2728,56
2729,56
2730,56
2731,56
2732,56
2733,56
2734,56
2735,56
2736,56
2737,56
2738,56
2739,56
2740,56
2741,56
2742,56
2743,56
2744,56
2745,56
2746,56
2747,56
2748,56
2749,56
2750,56
2751,56
2752,56
2753,56
2754,56
2755,56
2756,56
2757,56
2758,56
2759,56
2760,56
2761,56
2762,56
2763,56
2764,56
2765,56
2766,56
2767,56
2768,56
2769,56
2770,56
2771,56
2772,56
2773,56
2774,56
2775,56
2776,56
2777,56
2778,56
2779,56
2780,56
2781,56
2782,56
2783,56
2784,56
2785,56
2786,56
2787,56
2788,56
2789,56
2790,56
2791,56
2792,56
2793,56
2794,56
2795,56
2796,56
2797,56
2798,56
2799,56
2800,56
2801,56
2802,56
2803,56
2804,56
2805,56
2806,56
2807,56
2808,56
2809,56
2810,56
2811,56
2812,56
2813,56
2814,56
2815,56
2816,56
2817,56
2818,56
2819,56
2820,56
2821,56
2822,56
2823,56
2824,56
2825,56
2826,56
2827,56
2828,56
2829,56
2830,56
2831,56
2832,56
2833,56
2834,56
2835,56
2836,56
2837,56
2838,56
2839,56
2840,56
2841,56
2842,56
2843,56
2844,56
2845,56
2846,56
2847,56
2848,56
2849,56
2850,56
2851,56
2852,56
2853,56
2854,56
2855,56
2856,56
2857,56
2858,56
2859,56
2860,56
2861,56
2862,56
2863,56
2864,56
2865,56
2866,56
2867,56
2868,56
2869,56
2870,56
2871,56
2872,56
2873,56
2874,56
2875,57
2876,57
2877,57
2878,57
2879,57
2880,57
2881,57
2882,57
2883,57
2884,57
2885,57
2886,57
2887,57
2888,57
2889,57
2890,57
2891,57
2892,57
2893,57
2894,57
2895,57
2896,57
2897,57
2898,57
2899,57
2900,57
2901,57
2902,57
2903,57
2904,57
2905,57
2906,57
2907,57
2908,57
2909,57
2910,57
2911,57
2912,57
2913,57
2914,57
2915,57
2916,57
2917,57
2918,57
2919,57
2920,57
2921,57
2922,57
2923,57
2924,57
2925,57
2926,57
2927,57
2928,57
2929,57
2930,57
2931,57
2932,57
2933,57
2934,57
2935,57
2936,57
2937,57
2938,57
2939,57
2940,57
2941,57
2942,57
2943,57
2944,57
2945,57
2946,57
2947,57
2948,57
2949,57
2950,57
2951,57
2952,57
2953,57
2954,57
2955,57
2956,57
2957,57
2958,57
2959,57
2960,57
2961,57
2962,57
2963,57
2964,57
2965,57
2966,57
2967,57
2968,57
2969,57
2970,57
2971,57
2972,57
2973,57
2974,57
2975,57
2976,57
2977,57
2978,57
2979,57
2980,57
2981,57
2982,57
2983,57
2984,57
2985,57
2986,57
2987,57
2988,57
2989,57
2990,57
2991,57
2992,57
2993,57
2994,57
2995,57
2996,57
2997,57
2998,57
2999,57
3000,57
3001,58
3002,58
3003,58
3004,58
3005,58
3006,58
3007,58
3008,58
3009,58
3010,58
3011,58
3012,58
3013,58
3014,58
3015,58
3016,58
3017,58
3018,58
3019,58
3020,58
3021,58
3022,58
3023,58
3024,58
3025,58
3026,58
3027,58
3028,58
3029,58
3030,58
3031,58
3032,58
3033,58
3034,58
3035,58
3036,58
3037,58
3038,58
3039,58
3040,58
3041,58
3042,58
3043,58
3044,58
3045,58
3046,58
3047,58
3048,58
3049,58
3050,58
3051,58
3052,58
3053,58
3054,58
3055,58
3056,58
3057,58
3058,58
3059,58
3060,58
3061,58
3062,58
3063,58
3064,58
3065,58
3066,58
3067,58
3068,58
3069,58
3070,58
3071,58
3072,58
3073,58
3074,58
3075,58
3076,58
3077,58
3078,58
3079,58
3080,58
3081,58
3082,58
3083,58
3084,58
3085,58
3086,58
3087,58
3088,58
3089,58
3090,58
3091,58
3092,58
3093,58
3094,58
3095,58
3096,58
3097,58
3098,58
3099,58
3100,58
3101,58
3102,58
3103,58
3104,58
3105,58
3106,58
3107,58
3108,58
3109,58
3110,58
3111,58
3112,58
3113,58
3114,58
3115,58
3116,58
3117,58
3118,58
3119,58
3120,58
3121,58
3122,58
3123,58
3124,58
3125,58
3126,58
3127,58
3128,58
3129,58
3130,58
3131,58
3132,58
3133,58
3134,58
3135,58
3136,58
3137,58
3138,58
3139,58
3140,58
3141,58
3142,58
3143,58
3144,58
3145,58
3146,58
3147,58
3148,58
3149,58
3150,58
3151,58
3152,58
3153,58
3154,58
3155,58
3156,58
3157,58
3158,58
3159,58
3160,58
3161,58
3162,58
3163,58
3164,58
3165,58
3166,58
3167,58
3168,58
3169,58
3170,58
3171,58
3172,58
3173,58
3174,58
3175,58
3176,58
3177,58
3178,58
3179,58
3180,58
3181,58
3182,58
3183,58
3184,58
3185,58
3186,58
3187,58
3188,58
3189,58
3190,58
3191,58
3192,58
3193,58
3194,58
3195,58
3196,58
3197,58
3198,58
3199,58
3200,58
3201,58
3202,58
3203,58
3204,58
3205,58
3206,58
3207,58
3208,58
3209,58
3210,58
3211,58
3212,58
3213,58
3214,58
3215,58
3216,58
3217,58
3218,58
3219,58
3220,58
3221,58
3222,58
3223,58
3224,58
3225,58
3226,58
3227,58
3228,58
3229,58
3230,58
3231,58
3232,58
3233,58
3234,58
3235,58
3236,58
3237,58
3238,58
3239,58
3240,58
3241,58
3242,58
3243,58
3244,58
3245,58
3246,58
3247,58
3248,58
3249,58
3250,58
3251,58
3252,58
3253,58
3254,58
3255,58
3256,58
3257,58
3258,58
3259,58
3260,58
3261,58
3262,58
3263,58
3264,58
3265,58
3266,58
3267,58
3268,58
3269,58
3270,58
3271,58
3272,58
3273,58
3274,58
3275,58
3276,58
3277,58
3278,58
3279,58
3280,58
3281,58
3282,58
3283,58
3284,58
3285,58
3286,58
3287,58
3288,58
3289,58
3290,58
3291,58
3292,58
3293,58
3294,58
3295,58
3296,58
3297,58
3298,58
3299,58
3300,58
3301,58
3302,58
3303,58
3304,58
3305,58
3306,58
3307,58
3308,58
3309,58
3310,58
3311,58
3312,58
3313,58
3314,58
3315,58
3316,58
3317,58
3318,58
3319,58
3320,58
3321,58
3322,58
3323,58
3324,58
3325,58
3326,58
3327,58
3328,58
3329,58
3330,58
3331,58
3332,58
3333,58
3334,58
3335,58
3336,58
3337,58
3338,58
3339,58
3340,58
3341,58
3342,58
3343,58
3344,58
3345,58
3346,58
3347,58
3348,58
3349,58
3350,58
3351,58
3352,58
3353,58
3354,58
3355,58
3356,58
3357,58
3358,58
3359,58
3360,58
3361,58
3362,58
3363,58
3364,58
3365,58
3366,58
3367,58
3368,58
3369,58
3370,58
3371,58
3372,58
3373,58
3374,58
3375,58
3376,58
3377,58
3378,58
3379,58
3380,58
3381,58
3382,58
3383,58
3384,58
3385,58
3386,58
3387,58
3388,58
3389,58
3390,58
3391,58
3392,58
3393,58
3394,58
3395,59
3396,59
3397,59
3398,59
3399,59
3400,59
3401,59
3402,59
3403,59
3404,59
3405,59
3406,59
3407,59
3408,59
3409,59
3410,59
3411,59
3412,59
3413,59
3414,59
3415,59
3416,59
3417,59
3418,59
3419,59
3420,59
3421,59
3422,59
3423,59
3424,59
3425,59
3426,59
3427,59
3428,59
3429,59
3430,59
3431,59
3432,59
3433,59
3434,59
3435,59
3436,59
3437,59
3438,59
3439,59
3440,59
3441,59
3442,59
3443,59
3444,59
3445,59
3446,59
3447,59
3448,59
3449,59
3450,59
3451,59
3452,59
3453,59
3454,59
3455,59
3456,59
3457,59
3458,59
3459,59
3460,59
3461,59
3462,59
3463,59
3464,59
3465,59
3466,59
3467,59
3468,59
3469,59
3470,59
3471,59
3472,59
3473,59
3474,59
3475,59
3476,59
3477,59
3478,59
3479,59
3480,59
3481,59
3482,59
3483,59
3484,59
3485,59
3486,59
3487,59
3488,59
3489,59
3490,59
3491,59
3492,59
3493,59
3494,59
3495,59
3496,59
3497,59
3498,59
3499,59
3500,59
3501,59
3502,59
3503,59
3504,59
3505,59
3506,59
3507,59
3508,59
3509,59
3510,59
3511,59
3512,59
3513,59
3514,59
3515,59
3516,59
3517,59
3518,59
3519,59
3520,59
3521,59
3522,59
3523,59
3524,59
3525,59
3526,59
3527,59
3528,59
3529,59
3530,59
3531,59
3532,59
3533,59
3534,59
3535,59
3536,59
3537,59
3538,59
3539,59
3540,59
3541,59
3542,59
3543,59
3544,59
3545,59
3546,59
3547,59
3548,59
3549,59
3550,59
3551,59
3552,59
3553,59
3554,59
3555,59
3556,59
3557,59
3558,59
3559,59
3560,59
3561,59
3562,59
3563,59
3564,59
3565,59
3566,59
3567,59
3568,59
3569,59
3570,59
3571,59
3572,59
3573,59
3574,59
3575,59
3576,59
3577,59
3578,59
3579,59
3580,59
3581,59
3582,59
3583,59
3584,59
3585,59
3586,59
3587,59
3588,59
3589,59
3590,59
3591,59
3592,59
3593,59
3594,59
3595,59
3596,59
3597,59
3598,59
3599,59
3600,59
3601,59
3602,59
3603,59
3604,59
3605,59
3606,59
3607,59
3608,59
3609,59
3610,59
3611,59
3612,59
3613,59
3614,59
3615,59
3616,59
3617,59
3618,59
3619,59
3620,59
3621,59
3622,59
3623,59
3624,59
3625,59
3626,59
3627,59
3628,59
3629,59
3630,59
3631,59
3632,59
3633,59
3634,59
3635,59
3636,59
3637,59
3638,59
3639,59
3640,59
3641,59
3642,59
3643,59
3644,59
3645,59
3646,59
3647,59
3648,59
3649,59
3650,59
3651,59
3652,59
3653,59
3654,59
3655,59
3656,59
3657,59
3658,59
3659,59
3660,59
3661,59
3662,59
3663,59
3664,59
3665,59
3666,59
3667,59
3668,59
3669,59
3670,59
3671,59
3672,59
3673,59
3674,59
3675,59
3676,59
3677,59
3678,59
3679,59
3680,59
3681,59
3682,59
3683,59
3684,59
3685,59
3686,59
3687,59
3688,59
3689,59
3690,59
3691,59
3692,59
3693,59
3694,59
3695,59
3696,59
3697,59
3698,59
3699,59
3700,59
3701,59
3702,59
3703,59
3704,59
3705,59
3706,59
3707,59
3708,59
3709,59
3710,59
3711,59
3712,59
3713,59
3714,59
3715,59
3716,59
3717,59
3718,59
3719,59
3720,59
3721,59
3722,59
3723,59
3724,59
3725,59
3726,59
3727,59
3728,59
3729,59
3730,59
3731,59
3732,59
3733,59
3734,59
3735,59
3736,59
3737,59
3738,59
3739,59
3740,59
3741,59
3742,59
3743,59
3744,59
3745,59
3746,59
3747,59
3748,59
3749,59
3750,59
3751,59
3752,60
3753,60
3754,60
3755,60
3756,60
3757,60
3758,60
3759,60
3760,60
3761,60
3762,60
3763,60
3764,60
3765,60
3766,60
3767,60
3768,60
3769,60
3770,60
3771,60
3772,60
3773,60
3774,60
3775,60
3776,60
3777,60
3778,60
3779,60
3780,60
3781,60
3782,60
3783,60
3784,60
3785,60
3786,60
3787,60
3788,60
3789,60
3790,60
3791,60
3792,60
3793,60
3794,61
3795,61
3796,61
3797,61
3798,61
3799,61
3800,61
3801,61
3802,61
3803,61
3804,61
3805,61
3806,61
3807,61
3808,61
3809,61
3810,61
3811,61
3812,61
3813,61
3814,61
3815,61
3816,61
3817,61
3818,61
3819,61
3820,61
3821,61
3822,61
3823,61
3824,61
3825,61
3826,61
3827,61
3828,61
3829,61
3830,61
3831,61
3832,61
3833,61
3834,61
3835,61
3836,61
3837,61
3838,61
3839,61
3840,61
3841,61
3842,61
3843,61
3844,61
3845,61
3846,61
3847,61
3848,61
3849,61
3850,61
3851,61
3852,61
3853,61
3854,61
3855,61
3856,61
3857,61
3858,61
3859,61
3860,61
3861,61
3862,61
3863,61
3864,61
3865,61
3866,61
3867,61
3868,61
3869,61
3870,61
3871,61
3872,61
3873,61
3874,61
3875,61
3876,61
3877,61
3878,61
3879,61
3880,61
3881,61
3882,61
3883,61
3884,61
3885,61
3886,61
3887,61
3888,61
3889,61
3890,61
3891,61
3892,61
3893,61
3894,61
3895,61
3896,61
3897,61
3898,61
3899,61
3900,61
3901,61
3902,61
3903,61
3904,61
3905,61
3906,61
3907,61
3908,61
3909,61
3910,61
3911,61
3912,61
3913,61
3914,61
3915,61
3916,61
3917,61
3918,61
3919,61
3920,61
3921,61
3922,61
3923,61
3924,61
3925,61
3926,61
3927,61
3928,61
3929,61
3930,61
3931,61
3932,61
3933,61
3934,61
3935,61
3936,61
3937,61
3938,61
3939,61
3940,61
3941,61
3942,61
3943,61
3944,61
3945,62
3946,62
3947,62
3948,62
3949,62
3950,62
3951,62
3952,62
3953,62
3954,62
3955,62
3956,62
3957,62
3958,62
3959,62
3960,62
3961,62
3962,62
3963,62
3964,62
3965,62
3966,62
3967,62
3968,62
3969,62
3970,62
3971,62
3972,62
3973,62
3974,62
3975,62
3976,62
3977,62
3978,62
3979,62
3980,62
3981,62
3982,62
3983,62
3984,62
3985,62
3986,62
3987,62
3988,62
3989,62
3990,62
3991,62
3992,62
3993,62
3994,62
3995,62
3996,62
3997,62
3998,62
3999,62
4000,62
4001,62
4002,62
4003,63
4004,63
4005,63
4006,63
4007,63
4008,63
4009,63
4010,63
4011,63
4012,63
4013,63
4014,63
4015,63
4016,63
4017,63
4018,63
4019,63
4020,63
4021,63
4022,63
4023,63
4024,63
4025,63
4026,63
4027,63
4028,63
4029,63
4030,63
4031,63
4032,63
4033,63
4034,63
4035,63
4036,63
4037,63
4038,63
4039,63
4040,63
4041,63
4042,63
4043,63
4044,63
4045,63
4046,63
4047,63
4048,63
4049,63
4050,63
4051,63
4052,63
4053,63
4054,63
4055,63
4056,63
4057,63
4058,63
4059,63
4060,63
4061,63
4062,63
4063,63
4064,63
4065,63
4066,63
4067,63
4068,63
4069,63
4070,63
4071,63
4072,63
4073,63
4074,63
4075,63
4076,63
4077,63
4078,63
4079,63
4080,63
4081,63
4082,63
4083,63
4084,63
4085,63
4086,63
4087,63
4088,63
4089,63
4090,63
4091,63
4092,63
4093,63
4094,63
4095,63
4096,63
4097,63
4098,63
4099,63
4100,63
4101,63
4102,63
4103,63
4104,63
4105,63
4106,63
4107,63
4108,63
4109,63
4110,63
4111,63
4112,63
4113,63
4114,63
4115,63
4116,63
4117,63
4118,63
4119,63
4120,63
4121,63
4122,63
4123,63
4124,63
4125,63
4126,63
4127,63
4128,63
4129,63
4130,63
4131,63
4132,63
4133,63
4134,63
4135,63
4136,63
4137,63
4138,63
4139,63
4140,63
4141,63
4142,63
4143,63
4144,63
4145,63
4146,63
4147,63
4148,63
4149,63
4150,63
4151,63
4152,63
4153,63
4154,63
4155,63
4156,63
4157,63
4158,63
4159,63
4160,63
4161,63
4162,63
4163,63
4164,63
4165,63
4166,63
4167,63
4168,63
4169,63
4170,63
4171,63
4172,63
4173,63
4174,63
4175,63
4176,63
4177,63
4178,63
4179,63
4180,63
4181,63
4182,63
4183,63
4184,63
4185,63
4186,63
4187,63
4188,63
4189,63
4190,63
4191,63
4192,63
4193,63
4194,63
4195,63
4196,63
4197,63
4198,63
4199,63
4200,63
4201,63
4202,63
4203,63
4204,63
4205,63
4206,63
4207,63
4208,63
4209,63
4210,63
4211,63
4212,63
4213,63
4214,63
4215,63
4216,63
4217,63
4218,63
4219,63
4220,63
4221,63
4222,63
4223,63
4224,63
4225,63
4226,63
4227,63
4228,63
4229,63
4230,63
4231,63
4232,63
4233,63
4234,63
4235,63
4236,63
4237,63
4238,63
4239,63
4240,63
4241,63
4242,63
4243,63
4244,63
4245,63
4246,63
4247,63
4248,63
4249,63
4250,63
4251,63
4252,63
4253,63
4254,63
4255,63
4256,63
4257,63
4258,63
4259,63
4260,63
4261,63
4262,63
4263,63
4264,63
4265,63
4266,63
4267,63
4268,63
4269,63
4270,63
4271,63
4272,63
4273,63
4274,63
4275,63
4276,63
4277,63
4278,63
4279,63
4280,63
4281,63
4282,63
4283,63
4284,63
4285,63
4286,63
4287,63
4288,63
4289,63
4290,63
4291,63
4292,63
4293,63
4294,63
4295,63
4296,63
4297,63
4298,63
4299,63
4300,63
4301,63
4302,63
4303,63
4304,63
4305,63
4306,63
4307,63
4308,63
4309,63
4310,63
4311,63
4312,63
4313,63
4314,63
4315,63
4316,63
4317,63
4318,63
4319,63
4320,63
4321,63
4322,63
4323,63
4324,63
4325,63
4326,63
4327,63
4328,63
4329,63
4330,63
4331,63
4332,63
4333,63
4334,63
4335,63
4336,63
4337,63
4338,63
4339,63
4340,63
4341,63
4342,63
4343,63
4344,63
4345,63
4346,63
4347,63
4348,63
4349,63
4350,63
4351,63
4352,63
4353,63
4354,63
4355,63
4356,63
4357,63
4358,63
4359,63
4360,63
4361,63
4362,63
4363,63
4364,63
4365,63
4366,63
4367,63
4368,63
4369,63
4370,63
4371,63
4372,63
4373,63
4374,63
4375,63
4376,63
4377,63
4378,63
4379,63
4380,63
4381,63
4382,63
4383,63
4384,63
4385,63
4386,63
4387,63
4388,63
4389,63
4390,63
4391,63
4392,63
4393,63
4394,63
4395,63
4396,63
4397,63
4398,63
4399,63
4400,63
4401,63
4402,63
4403,63
4404,63
4405,63
4406,63
4407,63
4408,63
4409,63
4410,63
4411,63
4412,63
4413,63
4414,63
4415,63
4416,63
4417,63
4418,63
4419,63
4420,63
4421,63
4422,63
4423,63
4424,63
4425,63
4426,63
4427,63
4428,63
4429,63
4430,63
4431,63
4432,63
4433,63
4434,63
4435,63
4436,63
4437,63
4438,63
4439,63
4440,63
4441,63
4442,63
4443,63
4444,63
4445,63
4446,63
4447,63
4448,63
4449,63
4450,63
4451,63
4452,63
4453,63
4454,63
4455,63
4456,63
4457,63
4458,63
4459,63
4460,63
4461,63
4462,63
4463,63
4464,63
4465,63
4466,63
4467,63
4468,63
4469,63
4470,63
4471,63
4472,63
4473,63
4474,63
4475,63
4476,63
4477,63
4478,63
4479,63
4480,63
4481,63
4482,63
4483,63
4484,63
4485,63
4486,63
4487,63
4488,63
4489,63
4490,63
4491,63
4492,63
4493,63
4494,63
4495,63
4496,63
4497,63
4498,63
4499,63
4500,63
4501,63
4502,63
4503,63
4504,63
4505,63
4506,63
4507,63
4508,63
4509,63
4510,63
4511,63
4512,63
4513,63
4514,63
4515,63
4516,63
4517,63
4518,63
4519,63
4520,63
4521,63
4522,63
4523,63
4524,63
4525,63
4526,63
4527,63
4528,63
4529,63
4530,63
4531,63
4532,63
4533,63
4534,63
4535,63
4536,63
4537,63
4538,63
4539,63
4540,63
4541,63
4542,63
4543,63
4544,63
4545,63
4546,63
4547,63
4548,63
4549,63
4550,63
4551,63
4552,63
4553,63
4554,63
4555,63
4556,63
4557,63
4558,63
4559,63
4560,63
4561,63
4562,63
4563,63
4564,63
4565,63
4566,63
4567,63
4568,63
4569,63
4570,63
4571,63
4572,63
4573,63
4574,63
4575,63
4576,63
4577,63
4578,63
4579,63
4580,63
4581,63
4582,63
4583,63
4584,63
4585,64
4586,64
4587,64
4588,64
4589,64
4590,64
4591,64
4592,64
4593,64
4594,64
4595,64
4596,64
4597,64
4598,64
4599,64
4600,64
4601,64
4602,64
4603,64
4604,64
4605,64
4606,64
4607,64
4608,64
4609,64
4610,64
4611,64
4612,64
4613,64
4614,64
4615,64
4616,64
4617,64
4618,64
4619,64
4620,64
4621,64
4622,64
4623,64
4624,64
4625,64
4626,64
4627,64
4628,64
4629,64
4630,64
4631,64
4632,64
4633,64
4634,64
4635,64
4636,64
4637,64
4638,64
4639,64
4640,64
4641,64
4642,64
4643,64
4644,64
4645,64
4646,64
4647,64
4648,64
4649,64
4650,64
4651,64
4652,64
4653,64
4654,64
4655,64
4656,64
4657,64
4658,64
4659,64
4660,64
4661,64
4662,64
4663,64
4664,64
4665,64
4666,64
4667,64
4668,64
4669,64
4670,64
4671,64
4672,64
4673,64
4674,64
4675,64
4676,64
4677,64
4678,64
4679,64
4680,64
4681,64
4682,64
4683,64
4684,64
4685,64
4686,64
4687,64
4688,64
4689,64
4690,64
4691,64
4692,64
4693,64
4694,64
4695,64
4696,64
4697,64
4698,64
4699,64
4700,64
4701,64
4702,64
4703,64
4704,64
4705,64
4706,64
4707,64
4708,64
4709,64
4710,64
4711,64
4712,64
4713,64
4714,64
4715,64
4716,64
4717,64
4718,64
4719,64
4720,64
4721,64
4722,64
4723,64
4724,64
4725,64
4726,64
4727,64
4728,64
4729,64
4730,64
4731,64
4732,64
4733,64
4734,64
4735,64
4736,64
4737,64
4738,64
4739,64
4740,64
4741,64
4742,64
4743,64
4744,64
4745,64
4746,64
4747,64
4748,64
4749,64
4750,64
4751,64
4752,64
4753,64
4754,64
4755,64
4756,64
4757,64
4758,64
4759,64
4760,64
4761,64
4762,64
4763,64
4764,64
4765,64
4766,64
4767,64
4768,64
4769,64
4770,64
4771,64
4772,64
4773,64
4774,64
4775,64
4776,64
4777,64
4778,64
4779,64
4780,64
4781,64
4782,64
4783,64
4784,64
4785,64
4786,64
4787,64
4788,64
4789,64
4790,64
4791,64
4792,64
4793,64
4794,64
4795,64
4796,64
4797,64
4798,64
4799,64
4800,64
4801,64
4802,64
4803,64
4804,64
4805,64
4806,64
4807,64
4808,64
4809,64
4810,64
4811,64
4812,64
4813,64
4814,64
4815,64
4816,64
4817,64
4818,64
4819,64
4820,64
4821,64
4822,64
4823,64
4824,64
4825,64
4826,64
4827,64
4828,64
4829,64
4830,64
4831,64
4832,64
4833,64
4834,64
4835,64
4836,64
4837,64
4838,64
4839,64
4840,64
4841,64
4842,64
4843,64
4844,64
4845,64
4846,64
4847,64
4848,64
4849,64
4850,64
4851,64
4852,64
4853,64
4854,64
4855,64
4856,64
4857,64
4858,64
4859,64
4860,64
4861,64
4862,64
4863,64
4864,64
4865,64
4866,64
4867,64
4868,64
4869,64
4870,64
4871,64
4872,64
4873,64
4874,64
4875,64
4876,64
4877,64
4878,64
4879,64
4880,64
4881,64
4882,64
4883,64
4884,64
4885,64
4886,64
4887,64
4888,64
4889,64
4890,64
4891,64
4892,64
4893,64
4894,64
4895,64
4896,64
4897,64
4898,64
4899,64
4900,64
4901,64
4902,64
4903,64
4904,64
4905,64
4906,64
4907,64
4908,64
4909,64
4910,64
4911,64
4912,64
4913,64
4914,64
4915,64
4916,64
4917,64
4918,64
4919,64
4920,64
4921,64
4922,64
4923,64
4924,64
4925,64
4926,64
4927,64
4928,64
4929,64
4930,64
4931,64
4932,64
4933,64
4934,64
4935,64
4936,64
4937,64
4938,64
4939,64
4940,64
4941,64
4942,64
4943,64
4944,64
4945,64
4946,64
4947,64
4948,64
4949,64
4950,64
4951,64
4952,64
4953,64
4954,64
4955,64
4956,64
4957,64
4958,64
4959,64
4960,64
4961,64
4962,65
4963,65
4964,65
4965,65
4966,65
4967,65
4968,65
4969,65
4970,65
4971,65
4972,65
4973,65
4974,65
4975,65
4976,65
4977,65
4978,65
4979,65
4980,65
4981,65
4982,65
4983,65
4984,65
4985,65
4986,65
4987,65
4988,65
4989,65
4990,65
4991,65
4992,65
4993,65
4994,65
4995,65
4996,65
4997,65
4998,65
4999,65
5000,65
5001,65
5002,65
5003,65
5004,65
5005,65
5006,65
5007,65
5008,66
5009,66
5010,66
5011,66
5012,66
5013,66
5014,66
5015,66
5016,66
5017,66
5018,66
5019,66
5020,66
5021,66
5022,66
5023,66
5024,66
5025,66
5026,66
5027,66
5028,66
5029,66
5030,66
5031,66
5032,66
5033,66
5034,66
5035,66
5036,66
5037,66
5038,66
5039,66
5040,66
5041,66
5042,66
5043,66
5044,66
5045,66
5046,66
5047,66
5048,66
5049,66
5050,66
5051,66
5052,66
5053,66
5054,66
5055,66
5056,66
5057,66
5058,66
5059,66
5060,66
5061,66
5062,66
5063,66
5064,66
5065,66
5066,66
5067,66
5068,66
5069,66
5070,66
5071,66
5072,66
5073,66
5074,66
5075,66
5076,66
5077,66
5078,66
5079,66
5080,66
5081,66
5082,66
5083,66
5084,66
5085,66
5086,66
5087,66
5088,66
5089,66
5090,66
5091,66
5092,66
5093,66
5094,66
5095,66
5096,66
5097,66
5098,66
5099,66
5100,66
5101,66
5102,66
5103,66
5104,66
5105,66
5106,66
5107,66
5108,66
5109,66
5110,66
5111,66
5112,66
5113,66
5114,66
5115,66
5116,66
5117,66
5118,66
5119,66
5120,66
5121,66
5122,66
5123,66
5124,66
5125,66
5126,66
5127,66
5128,66
5129,66
5130,66
5131,66
5132,66
5133,66
5134,66
5135,66
5136,66
5137,66
5138,66
5139,66
5140,66
5141,66
5142,66
5143,66
5144,66
5145,66
5146,66
5147,66
5148,66
5149,66
5150,66
5151,66
5152,66
5153,66
5154,66
5155,66
5156,66
5157,66
5158,66
5159,66
5160,66
5161,66
5162,66
5163,66
5164,66
5165,66
5166,66
5167,66
5168,66
5169,66
5170,66
5171,66
5172,66
5173,66
5174,66
5175,66
5176,66
5177,66
5178,66
5179,66
5180,66
5181,66
5182,66
5183,66
5184,66
5185,66
5186,66
5187,66
5188,66
5189,66
5190,66
5191,66
5192,66
5193,66
5194,66
5195,66
5196,66
5197,66
5198,66
5199,66
5200,66
5201,66
5202,66
5203,66
5204,66
5205,66
5206,66
5207,66
5208,66
5209,66
5210,66
5211,66
5212,66
5213,66
5214,66
5215,66
5216,66
5217,66
5218,66
5219,66
5220,66
5221,66
5222,66
5223,66
5224,66
5225,66
5226,66
5227,66
5228,66
5229,66
5230,66
5231,66
5232,66
5233,66
5234,66
5235,66
5236,66
5237,66
5238,66
5239,66
5240,66
5241,66
5242,66
5243,66
5244,66
5245,66
5246,66
5247,66
5248,66
5249,66
5250,66
5251,66
5252,66
5253,66
5254,66
5255,66
5256,66
5257,66
5258,66
5259,66
5260,66
5261,66
5262,66
5263,66
5264,66
5265,66
5266,66
5267,66
5268,66
5269,66
5270,66
5271,66
5272,66
5273,66
5274,66
5275,66
5276,66
5277,66
5278,66
5279,66
5280,66
5281,66
5282,66
5283,66
5284,66
5285,66
5286,66
5287,66
5288,66
5289,66
5290,66
5291,66
5292,66
5293,66
5294,66
5295,66
5296,66
5297,66
5298,66
5299,66
5300,66
5301,66
5302,66
5303,66
5304,66
5305,66
5306,66
5307,66
5308,66
5309,66
5310,66
5311,66
5312,66
5313,66
5314,66
5315,66
5316,66
5317,66
5318,66
5319,66
5320,66
5321,66
5322,66
5323,66
5324,66
5325,66
5326,66
5327,66
5328,66
5329,66
5330,66
5331,66
5332,66
5333,66
5334,66
5335,66
5336,66
5337,66
5338,66
5339,66
5340,66
5341,66
5342,66
5343,66
5344,66
5345,66
5346,66
5347,66
5348,66
5349,66
5350,66
5351,66
5352,67
5353,67
5354,67
5355,67
5356,67
5357,67
5358,67
5359,67
5360,67
5361,67
5362,67
5363,67
5364,67
5365,67
5366,67
5367,67
5368,67
5369,67
5370,67
5371,67
5372,67
5373,67
5374,67
5375,67
5376,67
5377,67
5378,67
5379,67
5380,67
5381,67
5382,67
5383,67
5384,67
5385,67
5386,67
5387,67
5388,67
5389,67
5390,67
5391,67
5392,67
5393,67
5394,67
5395,67
5396,67
5397,67
5398,67
5399,67
5400,67
5401,67
5402,67
5403,67
5404,67
5405,67
5406,67
5407,67
5408,67
5409,67
5410,67
5411,67
5412,67
5413,67
5414,67
5415,67
5416,67
5417,67
5418,67
5419,67
5420,67
5421,67
5422,67
5423,67
5424,67
5425,67
5426,67
5427,67
5428,67
5429,67
5430,67
5431,67
5432,67
5433,67
5434,67
5435,67
5436,67
5437,67
5438,67
5439,67
5440,67
5441,67
5442,67
5443,67
5444,67
5445,67
5446,67
5447,67
5448,67
5449,67
5450,67
5451,67
5452,67
5453,67
5454,67
5455,67
5456,67
5457,67
5458,67
5459,67
5460,67
5461,67
5462,67
5463,67
5464,67
5465,67
5466,67
5467,67
5468,67
5469,67
5470,67
5471,67
5472,67
5473,67
5474,67
5475,67
5476,67
5477,67
5478,67
5479,67
5480,67
5481,67
5482,67
5483,67
5484,67
5485,67
5486,67
5487,67
5488,67
5489,67
5490,67
5491,67
5492,67
5493,67
5494,67
5495,67
5496,67
5497,67
5498,67
5499,67
5500,67
5501,67
5502,67
5503,67
5504,67
5505,67
5506,67
5507,67
5508,67
5509,67
5510,67
5511,67
5512,67
5513,67
5514,67
5515,67
5516,67
5517,67
5518,67
5519,67
5520,67
5521,67
5522,67
5523,67
5524,67
5525,67
5526,67
5527,67
5528,67
5529,67
5530,67
5531,67
5532,67
5533,67
5534,67
5535,67
5536,67
5537,67
5538,67
5539,67
5540,67
5541,67
5542,67
5543,67
5544,67
5545,67
5546,67
5547,67
5548,67
5549,67
5550,67
5551,67
5552,67
5553,67
5554,67
5555,67
5556,67
5557,67
5558,67
5559,67
5560,67
5561,67
5562,67
5563,67
5564,67
5565,67
5566,67
5567,67
5568,67
5569,67
5570,67
5571,67
5572,67
5573,67
5574,67
5575,67
5576,67
5577,67
5578,67
5579,67
5580,67
5581,67
5582,67
5583,67
5584,67
5585,67
5586,67
5587,67
5588,67
5589,67
5590,68
5591,68
5592,68
5593,68
5594,68
5595,68
5596,68
5597,68
5598,68
5599,69
5600,69
5601,69
5602,69
5603,69
5604,69
5605,69
5606,69
5607,69
5608,69
5609,69
5610,69
5611,69
5612,69
5613,69
5614,69
5615,69
5616,69
5617,69
5618,69
5619,69
5620,69
5621,69
5622,69
5623,69
5624,69
5625,69
5626,69
5627,69
5628,69
5629,69
5630,69
5631,69
5632,69
5633,69
5634,69
5635,69
5636,69
5637,69
5638,69
5639,69
5640,69
5641,69
5642,69
5643,69
5644,69
5645,69
5646,69
5647,69
5648,69
5649,69
5650,69
5651,69
5652,69
5653,69
5654,69
5655,69
5656,69
5657,69
5658,69
5659,69
5660,69
5661,69
5662,69
5663,69
5664,69
5665,69
5666,69
5667,69
5668,69
5669,69
5670,69
5671,69
5672,69
5673,69
5674,69
5675,69
5676,69
5677,69
5678,69
5679,69
5680,69
5681,69
5682,69
5683,69
5684,69
5685,69
5686,69
5687,69
5688,69
5689,69
5690,69
5691,69
5692,69
5693,69
5694,69
5695,69
5696,69
5697,69
5698,69
5699,69
5700,69
5701,69
5702,69
5703,69
5704,69
5705,69
5706,69
5707,69
5708,69
5709,69
5710,69
5711,69
5712,69
5713,69
5714,69
5715,69
5716,69
5717,69
5718,69
5719,69
5720,69
5721,69
5722,69
5723,69
5724,69
5725,69
5726,69
5727,69
5728,69
5729,69
5730,69
5731,69
5732,69
5733,69
5734,69
5735,69
5736,69
5737,69
5738,69
5739,69
5740,69
5741,69
5742,69
5743,69
5744,69
5745,69
5746,69
5747,69
5748,69
5749,69
5750,69
5751,69
5752,69
5753,70
5754,70
5755,70
5756,70
5757,70
5758,70
5759,70
5760,70
5761,70
5762,70
5763,70
5764,70
5765,70
5766,70
5767,70
5768,70
5769,70
5770,70
5771,70
5772,70
5773,70
5774,70
5775,70
5776,70
5777,70
5778,70
5779,70
5780,70
5781,70
5782,70
5783,70
5784,70
5785,70
5786,70
5787,70
5788,70
5789,70
5790,70
5791,70
5792,70
5793,70
5794,70
5795,70
5796,70
5797,70
5798,70
5799,70
5800,70
5801,70
5802,70
5803,70
5804,70
5805,70
5806,70
5807,70
5808,70
5809,70
5810,70
5811,70
5812,70
5813,70
5814,70
5815,70
5816,70
5817,70
5818,70
5819,70
5820,70
5821,70
5822,70
5823,70
5824,70
5825,70
5826,70
5827,70
5828,70
5829,70
5830,70
5831,70
5832,70
5833,70
5834,70
5835,70
5836,70
5837,70
5838,70
5839,70
5840,70
5841,70
5842,70
5843,70
5844,70
5845,70
5846,70
5847,70
5848,70
5849,70
5850,70
5851,70
5852,70
5853,70
5854,70
5855,70
5856,70
5857,70
5858,70
5859,70
5860,70
5861,70
5862,70
5863,70
5864,70
5865,70
5866,70
5867,70
5868,70
5869,70
5870,70
5871,70
5872,70
5873,70
5874,70
5875,70
5876,70
5877,70
5878,70
5879,70
5880,70
5881,70
5882,70
5883,70
5884,70
5885,70
5886,70
5887,70
5888,70
5889,70
5890,70
5891,70
5892,70
5893,70
5894,70
5895,70
5896,70
5897,70
5898,70
5899,70
5900,70
5901,70
5902,70
5903,70
5904,70
5905,70
5906,70
5907,70
5908,70
5909,70
5910,70
5911,70
5912,70
5913,70
5914,70
5915,70
5916,70
5917,70
5918,70
5919,70
5920,70
5921,70
5922,70
5923,70
5924,70
5925,70
5926,70
5927,70
5928,70
5929,70
5930,70
5931,70
5932,70
5933,70
5934,70
5935,70
5936,70
5937,70
5938,70
5939,70
5940,70
5941,70
5942,70
5943,70
5944,70
5945,70
5946,70
5947,70
5948,70
5949,70
5950,70
5951,70
5952,70
5953,70
5954,70
5955,70
5956,70
5957,70
5958,70
5959,70
5960,70
5961,70
5962,70
5963,70
5964,70
5965,70
5966,70
5967,70
5968,70
5969,70
5970,70
5971,70
5972,70
5973,70
5974,70
5975,70
5976,70
5977,70
5978,70
5979,70
5980,70
5981,70
5982,70
5983,70
5984,70
5985,70
5986,70
5987,70
5988,70
5989,70
5990,70
5991,70
5992,70
5993,70
5994,70
5995,70
5996,70
5997,70
5998,70
5999,70
6000,70
6001,70
6002,70
6003,70
6004,70
6005,70
6006,70
6007,70
6008,70
6009,70
6010,70
6011,70
6012,70
6013,70
6014,70
6015,70
6016,70
6017,70
6018,70
6019,70
6020,70
6021,70
6022,70
6023,70
6024,70
6025,70
6026,70
6027,70
6028,70
6029,70
6030,70
6031,70
6032,70
6033,70
6034,70
6035,70
6036,70
6037,70
6038,70
6039,70
6040,70
6041,70
6042,70
6043,70
6044,70
6045,70
6046,70
6047,70
6048,70
6049,70
6050,70
6051,70
6052,70
6053,70
6054,70
6055,70
6056,70
6057,70
6058,70
6059,70
6060,70
6061,70
6062,70
6063,70
6064,70
6065,70
6066,70
6067,70
6068,70
6069,70
6070,70
6071,70
6072,70
6073,70
6074,70
6075,70
6076,70
6077,70
6078,70
6079,70
6080,70
6081,70
6082,70
6083,70
6084,70
6085,70
6086,70
6087,70
6088,70
6089,70
6090,70
6091,70
6092,70
6093,70
6094,70
6095,70
6096,70
6097,70
6098,70
6099,70
6100,70
6101,70
6102,70
6103,70
6104,70
6105,70
6106,70
6107,70
6108,70
6109,70
6110,70
6111,70
6112,70
6113,70
6114,70
6115,71
6116,71
6117,71
6118,71
6119,71
6120,71
6121,71
6122,71
6123,71
6124,71
6125,71
6126,71
6127,71
6128,71
6129,71
6130,71
6131,71
6132,71
6133,71
6134,71
6135,71
6136,71
6137,71
6138,71
6139,71
6140,71
6141,71
6142,71
6143,71
6144,71
6145,71
6146,71
6147,71
6148,71
6149,71
6150,71
6151,71
6152,71
6153,71
6154,71
6155,71
6156,71
6157,71
6158,71
6159,71
6160,71
6161,71
6162,71
6163,71
6164,71
6165,71
6166,71
6167,71
6168,71
6169,71
6170,71
6171,71
6172,71
6173,71
6174,71
6175,71
6176,71
6177,71
6178,71
6179,71
6180,71
6181,71
6182,71
6183,71
6184,71
6185,71
6186,71
6187,71
6188,71
6189,71
6190,71
6191,71
6192,71
6193,71
6194,71
6195,71
6196,71
6197,71
6198,71
6199,71
6200,71
6201,71
6202,71
6203,71
6204,71
6205,71
6206,71
6207,71
6208,71
6209,71
6210,71
6211,71
6212,71
6213,71
6214,71
6215,71
6216,71
6217,71
6218,71
6219,71
6220,72
6221,72
6222,72
6223,72
6224,72
6225,72
6226,72
6227,72
6228,72
6229,72
6230,72
6231,72
6232,72
6233,72
6234,72
6235,72
6236,72
6237,72
6238,72
6239,72
6240,72
6241,72
6242,72
6243,72
6244,72
6245,72
6246,72
6247,72
6248,72
6249,72
6250,72
6251,72
6252,72
6253,72
6254,72
6255,72
6256,72
6257,72
6258,72
6259,72
6260,72
6261,72
6262,72
6263,72
6264,72
6265,72
6266,72
6267,72
6268,72
6269,72
6270,72
6271,72
6272,72
6273,72
6274,72
6275,72
6276,72
6277,72
6278,72
6279,72
6280,72
6281,72
6282,72
6283,72
6284,72
6285,72
6286,72
6287,72
6288,72
6289,72
6290,72
6291,72
6292,72
6293,72
6294,72
6295,72
6296,72
6297,72
6298,72
6299,72
6300,72
6301,72
6302,72
6303,72
6304,72
6305,72
6306,72
6307,72
6308,72
6309,72
6310,72
6311,72
6312,72
6313,72
6314,72
6315,72
6316,72
6317,72
6318,72
6319,72
6320,72
6321,72
6322,72
6323,72
6324,72
6325,72
6326,72
6327,72
6328,72
6329,72
6330,72
6331,72
6332,72
6333,72
6334,72
6335,72
6336,72
6337,72
6338,72
6339,72
6340,72
6341,72
6342,73
6343,73
6344,73
6345,73
6346,73
6347,73
6348,73
6349,73
6350,73
6351,73
6352,73
6353,73
6354,73
6355,73
6356,73
6357,73
6358,73
6359,73
6360,73
6361,73
6362,73
6363,73
6364,73
6365,73
6366,73
6367,73
6368,73
6369,73
6370,73
6371,73
6372,73
6373,73
6374,73
6375,73
6376,73
6377,73
6378,74
6379,74
6380,74
6381,74
6382,74
6383,74
6384,74
6385,74
6386,74
6387,74
6388,74
6389,74
6390,74
6391,74
6392,74
6393,74
6394,74
6395,74
6396,74
6397,74
6398,74
6399,74
6400,74
6401,74
6402,74
6403,74
6404,74
6405,74
6406,74
6407,74
6408,74
6409,74
6410,74
6411,74
6412,74
6413,74
6414,75
6415,75
6416,75
6417,75
6418,75
6419,75
6420,75
6421,75
6422,75
6423,75
6424,75
6425,75
6426,75
6427,75
6428,75
6429,75
6430,75
6431,75
6432,75
6433,75
6434,75
6435,75
6436,75
6437,75
6438,75
6439,75
6440,75
6441,75
6442,75
6443,75
6444,75
6445,75
6446,75
6447,75
6448,75
6449,75
6450,75
6451,75
6452,75
6453,75
6454,75
6455,75
6456,75
6457,75
6458,75
6459,75
6460,75
6461,75
6462,75
6463,75
6464,75
6465,75
6466,75
6467,75
6468,75
6469,75
6470,75
6471,75
6472,75
6473,75
6474,75
6475,75
6476,75
6477,75
6478,75
6479,75
6480,75
6481,75
6482,75
6483,75
6484,75
6485,75
6486,75
6487,75
6488,75
6489,75
6490,75
6491,75
6492,75
6493,75
6494,75
6495,75
6496,75
6497,75
6498,75
6499,75
6500,75
6501,75
6502,75
6503,75
6504,75
6505,75
6506,75
6507,75
6508,75
6509,75
6510,75
6511,75
6512,75
6513,75
6514,75
6515,75
6516,75
6517,75
6518,75
6519,75
6520,75
6521,75
6522,75
6523,75
6524,75
6525,75
6526,75
6527,75
6528,75
6529,75
6530,75
6531,75
6532,75
6533,75
6534,75
6535,75
6536,75
6537,75
6538,75
6539,75
6540,75
6541,75
6542,75
6543,75
6544,75
6545,75
6546,75
6547,75
6548,75
6549,75
6550,75
6551,75
6552,75
6553,75
6554,75
6555,75
6556,75
6557,75
6558,75
6559,75
6560,75
6561,75
6562,75
6563,75
6564,75
6565,75
6566,75
6567,75
6568,75
6569,75
6570,75
6571,75
6572,75
6573,75
6574,75
6575,75
6576,75
6577,75
6578,75
6579,75
6580,75
6581,75
6582,75
6583,75
6584,75
6585,75
6586,75
6587,75
6588,75
6589,75
6590,75
6591,75
6592,75
6593,75
6594,75
6595,75
6596,75
6597,75
6598,75
6599,75
6600,75
6601,75
6602,75
6603,75
6604,75
6605,75
6606,75
6607,75
6608,75
6609,75
6610,75
6611,75
6612,75
6613,75
6614,75
6615,75
6616,75
6617,75
6618,75
6619,75
6620,75
6621,75
6622,75
6623,75
6624,75
6625,75
6626,75
6627,75
6628,75
6629,75
6630,75
6631,75
6632,75
6633,75
6634,75
6635,75
6636,75
6637,75
6638,75
6639,75
6640,75
6641,75
6642,75
6643,75
6644,75
6645,75
6646,75
6647,75
6648,75
6649,75
6650,75
6651,75
6652,75
6653,75
6654,75
6655,75
6656,75
6657,75
6658,75
6659,75
6660,75
6661,75
6662,75
6663,75
6664,75
6665,75
6666,75
6667,75
6668,75
6669,75
6670,75
6671,75
6672,75
6673,75
6674,75
6675,75
6676,75
6677,75
6678,75
6679,75
6680,75
6681,75
6682,75
6683,75
6684,75
6685,75
6686,75
6687,75
6688,76
6689,76
6690,76
6691,76
6692,76
6693,76
6694,76
6695,76
6696,76
6697,76
6698,76
6699,76
6700,76
6701,76
6702,76
6703,76
6704,76
6705,76
6706,76
6707,76
6708,76
6709,76
6710,76
6711,76
6712,76
6713,76
6714,76
6715,76
6716,76
6717,76
6718,76
6719,76
6720,76
6721,76
6722,76
6723,76
6724,76
6725,76
6726,76
6727,76
6728,76
6729,76
6730,76
6731,76
6732,76
6733,76
6734,76
6735,76
6736,76
6737,76
6738,76
6739,76
6740,76
6741,76
6742,76
6743,76
6744,76
6745,76
6746,76
6747,76
6748,76
6749,76
6750,76
6751,76
6752,76
6753,76
6754,76
6755,76
6756,76
6757,76
6758,76
6759,76
6760,76
6761,76
6762,76
6763,76
6764,76
6765,76
6766,76
6767,76
6768,76
6769,76
6770,76
6771,76
6772,76
6773,76
6774,76
6775,76
6776,76
6777,76
6778,76
6779,76
6780,76
6781,76
6782,76
6783,76
6784,76
6785,76
6786,76
6787,76
6788,76
6789,76
6790,76
6791,76
6792,76
6793,76
6794,76
6795,76
6796,76
6797,76
6798,76
6799,76
6800,76
6801,76
6802,76
6803,76
6804,76
6805,76
6806,76
6807,76
6808,76
6809,76
6810,76
6811,76
6812,76
6813,76
6814,76
6815,76
6816,76
6817,76
6818,76
6819,76
6820,76
6821,76
6822,76
6823,76
6824,76
6825,76
6826,76
6827,76
6828,76
6829,76
6830,76
6831,76
6832,76
6833,76
6834,76
6835,76
6836,76
6837,76
6838,76
6839,76
6840,76
6841,76
6842,76
6843,76
6844,76
6845,76
6846,76
6847,76
6848,76
6849,76
6850,76
6851,76
6852,76
6853,76
6854,76
6855,76
6856,76
6857,76
6858,76
6859,76
6860,76
6861,76
6862,76
6863,76
6864,76
6865,76
6866,76
6867,76
6868,76
6869,76
6870,76
6871,76
6872,76
6873,76
6874,76
6875,76
6876,76
6877,76
6878,76
6879,76
6880,76
6881,76
6882,76
6883,76
6884,76
6885,76
6886,76
6887,76
6888,76
6889,76
6890,76
6891,76
6892,76
6893,76
6894,76
6895,76
6896,76
6897,76
6898,76
6899,76
6900,76
6901,76
6902,76
6903,76
6904,76
6905,76
6906,76
6907,76
6908,76
6909,76
6910,76
6911,76
6912,76
6913,76
6914,76
6915,76
6916,76
6917,76
6918,76
6919,76
6920,76
6921,76
6922,76
6923,76
6924,76
6925,76
6926,76
6927,76
6928,76
6929,76
6930,76
6931,76
6932,76
6933,76
6934,76
6935,76
6936,76
6937,76
6938,76
6939,76
6940,76
6941,76
6942,76
6943,76
6944,76
6945,76
6946,76
6947,76
6948,76
6949,76
6950,76
6951,76
6952,76
6953,76
6954,76
6955,76
6956,76
6957,76
6958,76
6959,76
6960,76
6961,76
6962,76
6963,76
6964,76
6965,76
6966,76
6967,76
6968,76
6969,76
6970,76
6971,76
6972,76
6973,76
6974,76
6975,76
6976,76
6977,76
6978,76
6979,76
6980,76
6981,76
6982,76
6983,76
6984,76
6985,76
6986,76
6987,76
6988,76
6989,76
6990,76
6991,76
6992,76
6993,76
6994,76
6995,76
6996,76
6997,76
6998,76
6999,76
7000,76
7001,76
7002,76
7003,76
7004,76
7005,76
7006,76
7007,76
7008,76
7009,76
7010,76
7011,76
7012,76
7013,76
7014,76
7015,76
7016,76
7017,76
7018,76
7019,76
7020,76
7021,76
7022,76
7023,76
7024,76
7025,76
7026,76
7027,77
7028,77
7029,77
7030,77
7031,77
7032,77
7033,77
7034,77
7035,77
7036,77
7037,77
7038,77
7039,77
7040,77
7041,77
7042,77
7043,77
7044,77
7045,77
7046,77
7047,77
7048,77
7049,77
7050,77
7051,77
7052,77
7053,77
7054,77
7055,77
7056,77
7057,77
7058,77
7059,77
7060,77
7061,77
7062,77
7063,77
7064,77
7065,77
7066,77
7067,77
7068,77
7069,77
7070,77
7071,77
7072,77
7073,77
7074,77
7075,77
7076,77
7077,77
7078,77
7079,77
7080,77
7081,77
7082,77
7083,77
7084,77
7085,77
7086,77
7087,77
7088,77
7089,77
7090,77
7091,77
7092,77
7093,77
7094,77
7095,77
7096,77
7097,77
7098,77
7099,77
7100,77
7101,77
7102,77
7103,77
7104,77
7105,77
7106,77
7107,77
7108,77
7109,77
7110,77
7111,77
7112,77
7113,77
7114,77
7115,77
7116,77
7117,77
7118,77
7119,77
7120,77
7121,77
7122,77
7123,77
7124,77
7125,77
7126,77
7127,77
7128,77
7129,77
7130,77
7131,77
7132,77
7133,77
7134,77
7135,77
7136,77
7137,77
7138,77
7139,77
7140,77
7141,77
7142,77
7143,77
7144,77
7145,77
7146,77
7147,77
7148,77
7149,77
7150,77
7151,77
7152,77
7153,77
7154,77
7155,77
7156,77
7157,77
7158,77
7159,77
7160,77
7161,77
7162,77
7163,77
7164,77
7165,77
7166,77
7167,77
7168,77
7169,77
7170,77
7171,77
7172,77
7173,77
7174,77
7175,77
7176,77
7177,77
7178,77
7179,77
7180,77
7181,77
7182,77
7183,77
7184,77
7185,77
7186,77
7187,77
7188,77
7189,77
7190,77
7191,77
7192,77
7193,77
7194,77
7195,77
7196,77
7197,77
7198,77
7199,77
7200,77
7201,77
7202,77
7203,77
7204,77
7205,77
7206,77
7207,77
7208,77
7209,77
7210,77
7211,77
7212,77
7213,77
7214,77
7215,77
7216,77
7217,77
7218,77
7219,77
7220,77
7221,77
7222,77
7223,77
7224,77
7225,77
7226,77
7227,77
7228,77
7229,77
7230,77
7231,77
7232,77
7233,77
7234,77
7235,77
7236,77
7237,77
7238,77
7239,77
7240,77
7241,77
7242,77
7243,77
7244,77
7245,77
7246,77
7247,77
7248,77
7249,77
7250,77
7251,77
7252,77
7253,77
7254,77
7255,77
7256,77
7257,77
7258,77
7259,77
7260,77
7261,77
7262,77
7263,77
7264,77
7265,77
7266,77
7267,77
7268,77
7269,77
7270,77
7271,77
7272,77
7273,77
7274,77
7275,77
7276,77
7277,77
7278,77
7279,77
7280,77
7281,77
7282,77
7283,77
7284,77
7285,77
7286,77
7287,77
7288,77
7289,77
7290,77
7291,77
7292,77
7293,77
7294,77
7295,77
7296,77
7297,77
7298,77
7299,77
7300,77
7301,77
7302,77
7303,77
7304,77
7305,77
7306,77
7307,77
7308,77
7309,77
7310,77
7311,77
7312,77
7313,77
7314,77
7315,77
7316,77
7317,77
7318,77
7319,77
7320,77
7321,77
7322,77
7323,77
7324,77
7325,77
7326,77
7327,77
7328,77
7329,77
7330,77
7331,77
7332,77
7333,77
7334,77
7335,77
7336,77
7337,77
7338,77
7339,77
7340,77
7341,77
7342,77
7343,77
7344,77
7345,77
7346,77
7347,77
7348,77
7349,77
7350,77
7351,77
7352,77
7353,77
7354,77
7355,77
7356,77
7357,77
7358,77
7359,77
7360,77
7361,77
7362,77
7363,77
7364,77
7365,77
7366,77
7367,77
7368,77
7369,77
7370,77
7371,77
7372,77
7373,77
7374,77
7375,77
7376,77
7377,77
7378,77
7379,77
7380,77
7381,77
7382,77
7383,77
7384,77
7385,77
7386,77
7387,77
7388,77
7389,77
7390,77
7391,77
7392,78
7393,78
7394,78
7395,78
7396,78
7397,78
7398,78
7399,78
7400,78
7401,78
7402,78
7403,78
7404,78
7405,78
7406,78
7407,78
7408,78
7409,78
7410,78
7411,78
7412,78
7413,78
7414,78
7415,78
7416,78
7417,78
7418,78
7419,78
7420,78
7421,78
7422,78
7423,78
7424,78
7425,78
7426,78
7427,78
7428,78
7429,78
7430,78
7431,78
7432,78
7433,78
7434,78
7435,78
7436,78
7437,78
7438,78
7439,78
7440,78
7441,78
7442,78
7443,78
7444,78
7445,78
7446,78
7447,78
7448,78
7449,78
7450,78
7451,78
7452,78
7453,78
7454,78
7455,78
7456,78
7457,78
7458,78
7459,78
7460,78
7461,78
7462,78
7463,78
7464,78
7465,78
7466,78
7467,78
7468,78
7469,78
7470,78
7471,78
7472,78
7473,78
7474,78
7475,78
7476,78
7477,78
7478,78
7479,78
7480,78
7481,78
7482,78
7483,78
7484,78
7485,78
7486,78
7487,78
7488,78
7489,78
7490,78
7491,78
7492,78
7493,78
7494,78
7495,78
7496,78
7497,78
7498,78
7499,78
7500,78
7501,78
7502,78
7503,78
7504,78
7505,78
7506,78
7507,78
7508,78
7509,78
7510,78
7511,78
7512,78
7513,78
7514,78
7515,78
7516,78
7517,78
7518,78
7519,78
7520,78
7521,78
7522,78
7523,78
7524,78
7525,78
7526,78
7527,78
7528,78
7529,78
7530,78
7531,78
7532,78
7533,78
7534,78
7535,78
7536,78
7537,78
7538,78
7539,78
7540,78
7541,78
7542,78
7543,78
7544,78
7545,78
7546,78
7547,78
7548,78
7549,78
7550,78
7551,78
7552,78
7553,78
7554,78
7555,78
7556,78
7557,78
7558,78
7559,78
7560,78
7561,78
7562,78
7563,78
7564,78
7565,78
7566,78
7567,78
7568,78
7569,78
7570,78
7571,78
7572,78
7573,78
7574,78
7575,78
7576,78
7577,78
7578,78
7579,78
7580,78
7581,78
7582,78
7583,78
7584,78
7585,78
7586,78
7587,78
7588,78
7589,78
7590,78
7591,78
7592,78
7593,78
7594,78
7595,78
7596,78
7597,78
7598,78
7599,78
7600,78
7601,78
7602,78
7603,78
7604,78
7605,78
7606,78
7607,78
7608,78
7609,78
7610,78
7611,78
7612,78
7613,78
7614,78
7615,78
7616,78
7617,78
7618,78
7619,78
7620,78
7621,78
7622,78
7623,78
7624,78
7625,78
7626,78
7627,78
7628,78
7629,78
7630,78
7631,78
7632,78
7633,78
7634,78
7635,78
7636,78
7637,78
7638,78
7639,78
7640,78
7641,78
7642,78
7643,78
7644,78
7645,78
7646,78
7647,78
7648,78
7649,78
7650,78
7651,78
7652,78
7653,78
7654,78
7655,78
7656,78
7657,78
7658,78
7659,78
7660,78
7661,78
7662,78
7663,78
7664,78
7665,78
7666,78
7667,78
7668,78
7669,78
7670,78
7671,78
7672,78
7673,78
7674,78
7675,78
7676,78
7677,78
7678,78
7679,78
7680,78
7681,78
7682,78
7683,78
7684,78
7685,78
7686,78
7687,78
7688,78
7689,78
7690,78
7691,78
7692,78
7693,78
7694,78
7695,78
7696,78
7697,78
7698,78
7699,78
7700,78
7701,78
7702,78
7703,78
7704,78
7705,78
7706,78
7707,78
7708,78
7709,78
7710,78
7711,78
7712,78
7713,78
7714,78
7715,78
7716,78
7717,78
7718,78
7719,78
7720,78
7721,78
7722,78
7723,78
7724,78
7725,78
7726,78
7727,78
7728,78
7729,78
7730,78
7731,78
7732,78
7733,78
7734,78
7735,78
7736,78
7737,78
7738,78
7739,78
7740,78
7741,78
7742,78
7743,78
7744,78
7745,78
7746,78
7747,78
7748,78
7749,78
7750,78
7751,78
7752,78
7753,78
7754,78
7755,78
7756,78
7757,79
7758,79
7759,79
7760,79
7761,79
7762,79
7763,79
7764,79
7765,79
7766,79
7767,79
7768,79
7769,79
7770,79
7771,79
7772,79
7773,79
7774,79
7775,79
7776,79
7777,79
7778,79
7779,79
7780,79
7781,79
7782,79
7783,79
7784,79
7785,79
7786,79
7787,79
7788,79
7789,79
7790,79
7791,79
7792,79
7793,79
7794,79
7795,79
7796,79
7797,79
7798,79
7799,79
7800,79
7801,79
7802,79
7803,79
7804,79
7805,79
7806,79
7807,79
7808,79
7809,79
7810,79
7811,79
7812,79
7813,79
7814,79
7815,79
7816,79
7817,79
7818,79
7819,79
7820,79
7821,79
7822,79
7823,79
7824,79
7825,79
7826,79
7827,79
7828,79
7829,79
7830,79
7831,79
7832,79
7833,79
7834,79
7835,79
7836,79
7837,79
7838,79
7839,79
7840,79
7841,79
7842,79
7843,79
7844,79
7845,79
7846,79
7847,79
7848,79
7849,79
7850,79
7851,79
7852,79
7853,79
7854,79
7855,79
7856,79
7857,79
7858,79
7859,79
7860,79
7861,79
7862,79
7863,79
7864,79
7865,79
7866,79
7867,79
7868,79
7869,79
7870,79
7871,79
7872,79
7873,79
7874,79
7875,79
7876,79
7877,79
7878,79
7879,79
7880,79
7881,79
7882,79
7883,79
7884,79
7885,79
7886,79
7887,79
7888,79
7889,79
7890,79
7891,79
7892,79
7893,79
7894,79
7895,79
7896,79
7897,79
7898,79
7899,79
7900,79
7901,79
7902,79
7903,79
7904,79
7905,79
7906,79
7907,79
7908,79
7909,79
7910,79
7911,79
7912,79
7913,79
7914,79
7915,79
7916,79
7917,79
7918,79
7919,79
7920,79
7921,79
7922,79
7923,79
7924,79
7925,79
7926,79
7927,79
7928,79
7929,79
7930,79
7931,79
7932,79
7933,79
7934,79
7935,79
7936,79
7937,79
7938,79
7939,79
7940,79
7941,79
7942,79
7943,79
7944,79
7945,79
7946,79
7947,79
7948,79
7949,79
7950,79
7951,79
7952,79
7953,79
7954,79
7955,79
7956,79
7957,79
7958,79
7959,79
7960,79
7961,79
7962,79
7963,79
7964,79
7965,79
7966,79
7967,79
7968,79
7969,79
7970,79
7971,79
7972,79
7973,79
7974,79
7975,79
7976,79
7977,79
7978,79
7979,79
7980,79
7981,79
7982,79
7983,79
7984,79
7985,79
7986,79
7987,79
7988,79
7989,79
7990,79
7991,79
7992,79
7993,79
7994,79
7995,79
7996,79
7997,79
7998,79
7999,79
8000,79
8001,79
8002,79
8003,79
8004,79
8005,79
8006,79
8007,79
8008,79
8009,79
8010,79
8011,79
8012,79
8013,79
8014,79
8015,79
8016,79
8017,79
8018,79
8019,79
8020,79
8021,79
8022,79
8023,79
8024,79
8025,79
8026,79
8027,79
8028,79
8029,79
8030,79
8031,79
8032,79
8033,79
8034,79
8035,79
8036,79
8037,79
8038,79
8039,79
8040,79
8041,79
8042,79
8043,79
8044,79
8045,79
8046,79
8047,79
8048,79
8049,79
8050,79
8051,79
8052,79
8053,79
8054,79
8055,79
8056,79
8057,79
8058,79
8059,79
8060,79
8061,79
8062,79
8063,79
8064,79
8065,79
8066,79
8067,79
8068,79
8069,79
8070,79
8071,79
8072,79
8073,79
8074,79
8075,79
8076,79
8077,79
8078,79
8079,79
8080,79
8081,79
8082,79
8083,79
8084,79
8085,79
8086,79
8087,79
8088,79
8089,79
8090,79
8091,79
8092,79
8093,79
8094,79
8095,79
8096,79
8097,79
8098,79
8099,79
8100,79
8101,79
8102,79
8103,79
8104,79
8105,79
8106,79
8107,79
8108,79
8109,79
8110,79
8111,79
8112,79
8113,79
8114,79
8115,79
8116,79
8117,79
8118,79
8119,79
8120,79
8121,79
8122,79
8123,79
8124,79
8125,79
8126,79
8127,79
8128,79
8129,79
8130,79
8131,79
8132,79
8133,79
8134,79
8135,79
8136,79
8137,79
8138,79
8139,79
8140,79
8141,79
8142,79
8143,79
8144,79
8145,79
8146,79
8147,79
8148,79
8149,79
8150,79
8151,79
8152,79
8153,79
8154,79
8155,79
8156,79
8157,79
8158,79
8159,79
8160,79
8161,79
8162,79
8163,79
8164,79
8165,79
8166,79
8167,79
8168,79
8169,79
8170,79
8171,79
8172,79
8173,79
8174,79
8175,79
8176,79
8177,79
8178,79
8179,79
8180,79
8181,79
8182,79
8183,79
8184,79
8185,79
8186,79
8187,79
8188,79
8189,79
8190,79
8191,79
8192,79
8193,79
8194,79
8195,79
8196,79
8197,79
8198,79
8199,79
8200,79
8201,79
8202,79
8203,79
8204,79
8205,79
8206,79
8207,79
8208,79
8209,79
8210,79
8211,79
8212,79
8213,79
8214,79
8215,79
8216,79
8217,79
8218,79
8219,79
8220,79
8221,79
8222,79
8223,79
8224,79
8225,79
8226,79
8227,79
8228,79
8229,79
8230,79
8231,79
8232,79
8233,79
8234,79
8235,79
8236,79
8237,79
8238,79
8239,79
8240,79
8241,79
8242,79
8243,79
8244,79
8245,79
8246,79
8247,79
8248,79
8249,79
8250,79
8251,79
8252,79
8253,79
8254,79
8255,79
8256,79
8257,79
8258,79
8259,79
8260,79
8261,79
8262,79
8263,79
8264,79
8265,79
8266,79
8267,79
8268,79
8269,79
8270,79
8271,79
8272,79
8273,79
8274,79
8275,79
8276,79
8277,79
8278,79
8279,79
8280,79
8281,79
8282,79
8283,79
8284,79
8285,79
8286,79
8287,79
8288,79
8289,79
8290,79
8291,79
8292,79
8293,79
8294,80
8295,80
8296,80
8297,80
8298,80
8299,80
8300,80
8301,80
8302,80
8303,80
8304,80
8305,80
8306,80
8307,80
8308,80
8309,80
8310,80
8311,80
8312,80
8313,80
8314,80
8315,80
8316,80
8317,80
8318,80
8319,80
8320,80
8321,80
8322,80
8323,80
8324,80
8325,80
8326,80
8327,80
8328,80
8329,80
8330,80
8331,80
8332,80
8333,80
8334,80
8335,80
8336,80
8337,80
8338,80
8339,80
8340,80
8341,80
8342,80
8343,80
8344,80
8345,80
8346,80
8347,80
8348,80
8349,80
8350,80
8351,80
8352,80
8353,80
8354,80
8355,80
8356,80
8357,80
8358,80
8359,80
8360,80
8361,80
8362,80
8363,80
8364,80
8365,80
8366,80
8367,80
8368,80
8369,80
8370,80
8371,80
8372,80
8373,80
8374,80
8375,80
8376,80
8377,80
8378,80
8379,80
8380,80
8381,80
8382,80
8383,80
8384,80
8385,80
8386,80
8387,80
8388,80
8389,80
8390,80
8391,80
8392,80
8393,80
8394,80
8395,80
8396,80
8397,80
8398,80
8399,80
8400,80
8401,80
8402,80
8403,80
8404,80
8405,80
8406,80
8407,80
8408,80
8409,80
8410,80
8411,80
8412,80
8413,80
8414,80
8415,80
8416,80
8417,80
8418,80
8419,80
8420,80
8421,80
8422,80
8423,80
8424,80
8425,80
8426,80
8427,80
8428,80
8429,80
8430,80
8431,80
8432,80
8433,80
8434,80
8435,80
8436,80
8437,80
8438,80
8439,80
8440,80
8441,80
8442,80
8443,80
8444,80
8445,80
8446,80
8447,80
8448,80
8449,80
8450,80
8451,80
8452,80
8453,80
8454,80
8455,80
8456,80
8457,80
8458,80
8459,80
8460,80
8461,80
8462,80
8463,80
8464,80
8465,80
8466,80
8467,80
8468,80
8469,80
8470,80
8471,80
8472,80
8473,80
8474,80
8475,80
8476,80
8477,80
8478,80
8479,80
8480,80
8481,80
8482,80
8483,80
8484,80
8485,80
8486,80
8487,80
8488,80
8489,80
8490,80
8491,80
8492,80
8493,80
8494,80
8495,80
8496,80
8497,80
8498,80
8499,80
8500,80
8501,80
8502,80
8503,80
8504,81
8505,81
8506,81
8507,81
8508,81
8509,81
8510,81
8511,81
8512,81
8513,81
8514,81
8515,81
8516,81
8517,81
8518,81
8519,81
8520,81
8521,81
8522,81
8523,81
8524,81
8525,81
8526,81
8527,81
8528,81
8529,81
8530,81
8531,81
8532,81
8533,81
8534,81
8535,81
8536,81
8537,81
8538,81
8539,81
8540,81
8541,81
8542,81
8543,81
8544,81
8545,81
8546,81
8547,81
8548,81
8549,81
8550,81
8551,81
8552,81
8553,81
8554,81
8555,81
8556,81
8557,81
8558,81
8559,81
8560,81
8561,81
8562,81
8563,81
8564,81
8565,81
8566,81
8567,81
8568,81
8569,81
8570,81
8571,81
8572,81
8573,81
8574,81
8575,81
8576,81
8577,81
8578,81
8579,81
8580,81
8581,81
8582,81
8583,81
8584,81
8585,81
8586,81
8587,81
8588,81
8589,81
8590,81
8591,81
8592,81
8593,81
8594,81
8595,81
8596,81
8597,81
8598,81
8599,81
8600,81
8601,81
8602,81
8603,81
8604,81
8605,81
8606,81
8607,81
8608,81
8609,81
8610,81
8611,81
8612,81
8613,81
8614,81
8615,81
8616,81
8617,81
8618,81
8619,81
8620,81
8621,81
8622,81
8623,81
8624,81
8625,81
8626,81
8627,81
8628,81
8629,81
8630,81
8631,81
8632,81
8633,81
8634,81
8635,81
8636,81
8637,81
8638,81
8639,81
8640,81
8641,81
8642,81
8643,81
8644,81
8645,81
8646,81
8647,81
8648,81
8649,81
8650,81
8651,81
8652,81
8653,81
8654,81
8655,81
8656,81
8657,81
8658,81
8659,81
8660,81
8661,81
8662,81
8663,81
8664,81
8665,81
8666,81
8667,81
8668,81
8669,81
8670,81
8671,81
8672,81
8673,81
8674,81
8675,81
8676,81
8677,81
8678,81
8679,81
8680,81
8681,81
8682,81
8683,81
8684,81
8685,81
8686,81
8687,81
8688,81
8689,81
8690,81
8691,81
8692,81
8693,81
8694,81
8695,81
8696,81
8697,81
8698,81
8699,81
8700,81
8701,81
8702,81
8703,81
8704,81
8705,81
8706,81
8707,81
8708,81
8709,81
8710,81
8711,81
8712,81
8713,81
8714,81
8715,81
8716,81
8717,81
8718,81
8719,81
8720,81
8721,81
8722,81
8723,81
8724,81
8725,81
8726,81
8727,81
8728,81
8729,81
8730,81
8731,81
8732,81
8733,81
8734,81
8735,81
8736,81
8737,81
8738,81
8739,81
8740,81
8741,81
8742,81
8743,81
8744,81
8745,81
8746,81
8747,81
8748,81
8749,81
8750,81
8751,81
8752,81
8753,81
8754,81
8755,81
8756,81
8757,81
8758,81
8759,81
8760,81
8761,81
8762,81
8763,81
8764,81
8765,81
8766,81
8767,81
8768,81
8769,81
8770,81
8771,81
8772,81
8773,81
8774,81
8775,81
8776,81
8777,81
8778,81
8779,81
8780,81
8781,81
8782,81
8783,81
8784,81
8785,81
8786,81
8787,81
8788,81
8789,82
8790,82
8791,82
8792,82
8793,82
8794,82
8795,82
8796,82
8797,82
8798,82
8799,82
8800,82
8801,82
8802,82
8803,82
8804,82
8805,82
8806,82
8807,82
8808,82
8809,82
8810,82
8811,82
8812,82
8813,82
8814,82
8815,82
8816,83
8817,83
8818,83
8819,83
8820,83
8821,83
8822,83
8823,83
8824,83
8825,83
8826,83
8827,83
8828,83
8829,83
8830,83
8831,83
8832,83
8833,83
8834,83
8835,83
8836,83
8837,83
8838,83
8839,83
8840,83
8841,83
8842,83
8843,83
8844,83
8845,83
8846,83
8847,83
8848,83
8849,83
8850,83
8851,83
8852,83
8853,83
8854,83
8855,83
8856,83
8857,83
8858,83
8859,83
8860,83
8861,83
8862,83
8863,83
8864,83
8865,83
8866,83
8867,83
8868,83
8869,83
8870,83
8871,83
8872,83
8873,83
8874,83
8875,83
8876,83
8877,83
8878,83
8879,83
8880,83
8881,83
8882,83
8883,83
8884,83
8885,83
8886,83
8887,83
8888,83
8889,83
8890,83
8891,83
8892,83
8893,83
8894,83
8895,83
8896,83
8897,83
8898,83
8899,83
8900,83
8901,83
8902,83
8903,83
8904,83
8905,83
8906,83
8907,83
8908,83
8909,83
8910,83
8911,83
8912,83
8913,83
8914,83
8915,83
8916,83
8917,83
8918,83
8919,83
8920,83
8921,83
8922,83
8923,83
8924,83
8925,83
8926,83
8927,83
8928,83
8929,83
8930,83
8931,83
8932,83
8933,83
8934,83
8935,83
8936,83
8937,83
8938,83
8939,83
8940,83
8941,83
8942,83
8943,83
8944,83
8945,83
8946,83
8947,83
8948,83
8949,83
8950,83
8951,83
8952,83
8953,83
8954,83
8955,83
8956,83
8957,83
8958,83
8959,83
8960,83
8961,83
8962,83
8963,83
8964,83
8965,83
8966,83
8967,83
8968,83
8969,83
8970,83
8971,83
8972,83
8973,83
8974,83
8975,83
8976,83
8977,83
8978,83
8979,83
8980,83
8981,83
8982,83
8983,83
8984,83
8985,83
8986,83
8987,83
8988,83
8989,83
8990,83
8991,83
8992,83
8993,83
8994,83
8995,83
8996,83
8997,83
8998,83
8999,83
9000,83
9001,83
9002,83
9003,83
9004,83
9005,83
9006,83
9007,83
9008,83
9009,83
9010,83
9011,83
9012,83
9013,83
9014,83
9015,83
9016,83
9017,83
9018,83
9019,83
9020,83
9021,83
9022,83
9023,83
9024,83
9025,83
9026,83
9027,83
9028,83
9029,83
9030,83
9031,83
9032,83
9033,83
9034,83
9035,83
9036,83
9037,83
9038,83
9039,83
9040,83
9041,83
9042,83
9043,83
9044,83
9045,83
9046,83
9047,83
9048,83
9049,83
9050,83
9051,83
9052,83
9053,83
9054,83
9055,83
9056,83
9057,83
9058,83
9059,83
9060,83
9061,83
9062,83
9063,83
9064,83
9065,83
9066,83
9067,83
9068,83
9069,83
9070,83
9071,83
9072,83
9073,83
9074,83
9075,83
9076,83
9077,83
9078,83
9079,83
9080,83
9081,83
9082,83
9083,83
9084,83
9085,83
9086,83
9087,83
9088,83
9089,83
9090,83
9091,83
9092,83
9093,83
9094,83
9095,83
9096,83
9097,83
9098,83
9099,83
9100,83
9101,83
9102,83
9103,83
9104,83
9105,83
9106,83
9107,83
9108,83
9109,83
9110,83
9111,83
9112,83
9113,83
9114,83
9115,83
9116,83
9117,83
9118,83
9119,83
9120,83
9121,83
9122,83
9123,83
9124,83
9125,83
9126,83
9127,83
9128,83
9129,83
9130,83
9131,83
9132,83
9133,83
9134,83
9135,83
9136,83
9137,83
9138,83
9139,83
9140,83
9141,83
9142,83
9143,83
9144,83
9145,83
9146,83
9147,83
9148,83
9149,83
9150,83
9151,83
9152,83
9153,83
9154,83
9155,83
9156,83
9157,83
9158,83
9159,83
9160,83
9161,83
9162,83
9163,83
9164,83
9165,83
9166,83
9167,83
9168,83
9169,83
9170,83
9171,83
9172,83
9173,83
9174,83
9175,83
9176,83
9177,83
9178,83
9179,83
9180,83
9181,83
9182,83
9183,83
9184,83
9185,83
9186,83
9187,83
9188,83
9189,83
9190,83
9191,83
9192,83
9193,83
9194,83
9195,83
9196,83
9197,83
9198,83
9199,83
9200,83
9201,83
9202,83
9203,83
9204,83
9205,83
9206,83
9207,83
9208,83
9209,84
9210,84
9211,84
9212,84
9213,84
9214,84
9215,84
9216,84
9217,84
9218,84
9219,84
9220,84
9221,84
9222,84
9223,84
9224,84
9225,84
9226,84
9227,84
9228,84
9229,84
9230,84
9231,84
9232,84
9233,84
9234,84
9235,84
9236,84
9237,84
9238,84
9239,84
9240,84
9241,84
9242,84
9243,84
9244,84
9245,84
9246,84
9247,84
9248,84
9249,84
9250,84
9251,84
9252,84
9253,84
9254,84
9255,84
9256,84
9257,84
9258,84
9259,84
9260,84
9261,84
9262,84
9263,84
9264,84
9265,84
9266,84
9267,84
9268,84
9269,84
9270,84
9271,84
9272,84
9273,84
9274,84
9275,84
9276,84
9277,84
9278,84
9279,84
9280,84
9281,84
9282,84
9283,84
9284,84
9285,84
9286,84
9287,84
9288,84
9289,84
9290,84
9291,84
9292,84
9293,84
9294,84
9295,84
9296,84
9297,84
9298,84
9299,84
9300,84
9301,84
9302,84
9303,84
9304,84
9305,84
9306,84
9307,84
9308,84
9309,84
9310,84
9311,84
9312,84
9313,84
9314,84
9315,84
9316,84
9317,84
9318,84
9319,84
9320,84
9321,84
9322,84
9323,84
9324,84
9325,84
9326,84
9327,84
9328,84
9329,84
9330,84
9331,84
9332,84
9333,84
9334,84
9335,84
9336,84
9337,84
9338,84
9339,84
9340,84
9341,84
9342,84
9343,84
9344,84
9345,84
9346,84
9347,84
9348,84
9349,84
9350,84
9351,84
9352,84
9353,84
9354,84
9355,84
9356,84
9357,84
9358,84
9359,84
9360,84
9361,84
9362,84
9363,84
9364,84
9365,84
9366,84
9367,84
9368,84
9369,84
9370,84
9371,84
9372,84
9373,84
9374,84
9375,84
9376,84
9377,84
9378,84
9379,84
9380,84
9381,84
9382,84
9383,84
9384,84
9385,84
9386,84
9387,84
9388,84
9389,84
9390,84
9391,84
9392,84
9393,84
9394,84
9395,84
9396,84
9397,84
9398,84
9399,84
9400,84
9401,84
9402,84
9403,84
9404,84
9405,84
9406,84
9407,84
9408,84
9409,84
9410,84
9411,84
9412,84
9413,84
9414,84
9415,84
9416,84
9417,84
9418,84
9419,84
9420,84
9421,84
9422,84
9423,84
9424,84
9425,84
9426,84
9427,84
9428,84
9429,84
9430,84
9431,84
9432,84
9433,84
9434,84
9435,84
9436,84
9437,84
9438,84
9439,84
9440,84
9441,84
9442,84
9443,84
9444,84
9445,84
9446,84
9447,84
9448,84
9449,84
9450,84
9451,84
9452,84
9453,84
9454,84
9455,84
9456,84
9457,84
9458,84
9459,84
9460,84
9461,84
9462,84
9463,84
9464,84
9465,84
9466,84
9467,84
9468,84
9469,84
9470,84
9471,84
9472,84
9473,84
9474,84
9475,84
9476,84
9477,84
9478,84
9479,84
9480,84
9481,84
9482,84
9483,84
9484,84
9485,84
9486,84
9487,84
9488,84
9489,84
9490,84
9491,84
9492,84
9493,84
9494,84
9495,84
9496,84
9497,84
9498,84
9499,84
9500,84
9501,84
9502,84
9503,84
9504,84
9505,84
9506,84
9507,84
9508,84
9509,84
9510,84
9511,84
9512,84
9513,84
9514,84
9515,84
9516,84
9517,84
9518,84
9519,84
9520,84
9521,84
9522,84
9523,84
9524,84
9525,84
9526,84
9527,84
9528,84
9529,84
9530,84
9531,84
9532,84
9533,84
9534,84
9535,84
9536,84
9537,84
9538,84
9539,84
9540,84
9541,84
9542,84
9543,84
9544,84
9545,84
9546,84
9547,84
9548,84
9549,84
9550,84
9551,84
9552,84
9553,84
9554,84
9555,84
9556,84
9557,84
9558,84
9559,84
9560,84
9561,84
9562,84
9563,84
9564,84
9565,84
9566,84
9567,84
9568,84
9569,84
9570,84
9571,84
9572,84
9573,84
9574,84
9575,84
9576,84
9577,84
9578,84
9579,84
9580,84
9581,84
9582,84
9583,84
9584,84
9585,84
9586,84
9587,84
9588,84
9589,84
9590,84
9591,84
9592,84
9593,84
9594,84
9595,84
9596,84
9597,84
9598,84
9599,84
9600,84
9601,84
9602,84
9603,84
9604,84
9605,84
9606,84
9607,84
9608,84
9609,84
9610,84
9611,84
9612,84
9613,84
9614,84
9615,84
9616,84
9617,84
9618,84
9619,84
9620,84
9621,84
9622,84
9623,84
9624,84
9625,84
9626,84
9627,84
9628,84
9629,84
9630,84
9631,84
9632,84
9633,84
9634,84
9635,84
9636,84
9637,84
9638,84
9639,84
9640,84
9641,84
9642,84
9643,84
9644,84
9645,84
9646,84
9647,84
9648,84
9649,84
9650,84
9651,84
9652,84
9653,84
9654,84
9655,84
9656,84
9657,84
9658,84
9659,84
9660,84
9661,84
9662,84
9663,84
9664,84
9665,84
9666,84
9667,84
9668,84
9669,84
9670,84
9671,84
9672,84
9673,84
9674,84
9675,84
9676,84
9677,84
9678,84
9679,84
9680,84
9681,84
9682,84
9683,84
9684,84
9685,84
9686,84
9687,84
9688,84
9689,84
9690,84
9691,84
9692,84
9693,84
9694,84
9695,84
9696,84
9697,84
9698,84
9699,84
9700,84
9701,84
9702,84
9703,84
9704,84
9705,84
9706,84
9707,84
9708,84
9709,84
9710,84
9711,84
9712,84
9713,84
9714,84
9715,84
9716,84
9717,84
9718,84
9719,84
9720,84
9721,84
9722,84
9723,84
9724,84
9725,84
9726,84
9727,84
9728,84
9729,84
9730,84
9731,84
9732,84
9733,84
9734,84
9735,84
9736,84
9737,84
9738,84
9739,84
9740,84
9741,84
9742,84
9743,84
9744,84
9745,84
9746,84
9747,84
9748,84
9749,84
9750,84
9751,84
9752,84
9753,84
9754,84
9755,84
9756,84
9757,84
9758,84
9759,84
9760,84
9761,84
9762,84
9763,84
9764,84
9765,84
9766,84
9767,84
9768,84
9769,84
9770,84
9771,84
9772,84
9773,84
9774,84
9775,84
9776,84
9777,84
9778,84
9779,84
9780,84
9781,84
9782,84
9783,84
9784,84
9785,84
9786,84
9787,84
9788,84
9789,84
9790,84
9791,84
9792,84
9793,84
9794,84
9795,84
9796,84
9797,84
9798,84
9799,84
9800,84
9801,84
9802,84
9803,84
9804,84
9805,84
9806,84
9807,84
9808,84
9809,84
9810,84
9811,84
9812,84
9813,84
9814,84
9815,84
9816,84
9817,84
9818,84
9819,84
9820,84
9821,84
9822,84
9823,84
9824,84
9825,84
9826,84
9827,84
9828,84
9829,84
9830,84
9831,84
9832,84
9833,84
9834,84
9835,84
9836,84
9837,84
9838,84
9839,84
9840,84
9841,84
9842,84
9843,84
9844,84
9845,84
9846,84
9847,84
9848,84
9849,84
9850,84
9851,84
9852,84
9853,84
9854,84
9855,84
9856,84
9857,84
9858,84
9859,84
9860,84
9861,84
9862,84
9863,84
9864,84
9865,84
9866,84
9867,84
9868,84
9869,84
9870,84
9871,84
9872,84
9873,84
9874,84
9875,84
9876,84
9877,84
9878,84
9879,84
9880,84
9881,84
9882,84
9883,84
9884,84
9885,84
9886,84
9887,84
9888,84
9889,84
9890,84
9891,84
9892,84
9893,84
9894,84
9895,84
9896,84
9897,84
9898,84
9899,84
9900,84
9901,84
9902,84
9903,84
9904,84
9905,84
9906,84
9907,84
9908,84
9909,84
9910,84
9911,84
9912,84
9913,84
9914,84
9915,84
9916,84
9917,84
9918,84
9919,84
9920,84
9921,84
9922,84
9923,84
9924,84
9925,84
9926,84
9927,84
9928,84
9929,84
9930,84
9931,84
9932,84
9933,84
9934,84
9935,84
9936,84
9937,84
9938,84
9939,84
9940,84
9941,84
9942,84
9943,84
9944,84
9945,84
9946,84
9947,84
9948,84
9949,84
9950,84
9951,84
9952,84
9953,84
9954,84
9955,84
9956,84
9957,84
9958,84
9959,84
9960,84
9961,84
9962,84
9963,84
9964,84
9965,84
9966,84
9967,84
9968,84
9969,84
9970,84
9971,84
9972,84
9973,84
9974,84
9975,84
9976,84
9977,84
9978,84
9979,84
9980,84
9981,84
9982,84
9983,84
9984,84
9985,84
9986,84
9987,84
9988,84
9989,84
9990,84
9991,84
9992,84
9993,84
9994,84
9995,84
9996,84
9997,84
9998,84
9999,84
10000,84
10001,84
10002,84
10003,84
10004,84
10005,84
10006,84
10007,84
10008,84
10009,84
10010,84
10011,84
10012,84
10013,84
10014,84
10015,84
10016,84
10017,84
10018,84
10019,84
10020,84
10021,84
10022,84
10023,84
10024,84
10025,84
10026,84
10027,84
10028,84
10029,84
10030,84
10031,84
10032,84
10033,84
10034,84
10035,84
10036,84
10037,84
10038,84
10039,84
10040,84
10041,84
10042,84
10043,84
10044,84
10045,84
10046,84
10047,84
10048,84
10049,84
10050,84
10051,84
10052,84
10053,84
10054,84
10055,84
10056,84
10057,84
10058,84
10059,84
10060,84
10061,84
10062,84
10063,84
10064,84
10065,84
10066,84
10067,84
10068,84
10069,84
10070,84
10071,84
10072,84
10073,84
10074,84
10075,84
10076,84
10077,84
10078,84
10079,84
10080,84
10081,84
10082,84
10083,84
10084,84
10085,84
10086,84
10087,84
10088,84
10089,84
10090,84
10091,84
10092,84
10093,84
10094,84
10095,84
10096,84
10097,84
10098,84
10099,84
10100,84
10101,84
10102,84
10103,84
10104,84
10105,84
10106,84
10107,84
10108,84
10109,84
10110,84
10111,84
10112,84
10113,84
10114,84
10115,84
10116,84
10117,84
10118,84
10119,84
10120,84
10121,84
10122,84
10123,84
10124,84
10125,84
10126,84
10127,84
10128,84
10129,84
10130,84
10131,84
10132,84
10133,84
10134,84
